name,plan_type,plan,sum,support_category,granted_name,granted_effect,event_1,event_1_条件,event_2,event_3,ability_1_初期値,ability_1_パラボ,ability_1_その他,ability_2,ability_4,ability_5,DaSP終了時,ViSP終了時,VoSP終了時,Voレス終了時,Daレス終了時,Viレス終了時,Vo通常終了時,Da通常終了時,Vi通常終了時,SP終了時デッキ20枚以上（4回のみ）,活動支給差し入れ選択時,授業営業終了時,お出かけ終了時,相談選択時,相談Pドリンク交換後,休む選択時,試験・オデ終了時（2回のみ）,特別指導開始時（3回のみ）,スキル削除時,スキル強化時,スキル（SSR）獲得時,スキル獲得時,スキルカスタム時（6回のみ）,スキルチェンジ時（3回のみ）,メンタル獲得時,メンタル強化時,メンタル削除時（3回のみ）,アクティブ獲得時,アクティブ強化時,アクティブ削除時（3回のみ）,好印象カード獲得時,温存カード獲得時,元気カード獲得時,好調カード獲得時,集中カード獲得時,やる気カード獲得時,Pアイテム獲得時（6回のみ）,Pドリンク獲得時,強気カード獲得時,全力カード獲得時,スキル獲得時集中カード8枚以上（4回のみ）,スキル獲得時温存カード8枚以上（4回のみ）,スキル獲得時好印象カード8枚以上（4回のみ）,相談スキル交換後（5回のみ）,スキル獲得時好調カード8枚以上（4回のみ）,基本チェンジ時（3回のみ）,試験・オデ終了時デッキ15枚以上（5回のみ）,活動支給差し入れ選択時（2回のみ）,相談選択時（2回のみ）,お出かけ終了時（2回のみ）,スキル削除時（4回のみ）,VoSP率+,DaSP率+,ViSP率+,limit_break_0,limit_break_1,limit_break_2,limit_break_3,limit_break_4
いつまでも続けばいいのに,free,Da,429,item,夏夜に咲く思い出,体力-7 ランダムな山札か捨札の眠気を除外に移動 スキルカード使用数追加+1 以降、スキルカードを5回使用するごとに、パラメータ+4,,,40,ランダムカード強化,,8.5,,Pドリンク獲得時Da+5,DaSP終了時Da+17,スキル（SSR）獲得時Da+6,17,,,,,,,,,,,,,,,,,,,,6,,,,,,,,,,,,,,,,,5,,,,,,,,,,,,,,,,,"ダンスパラメータボーナス+6.5%

Pドリンク獲得時、ダンス上昇+4

レッスンサポート発生率+66.1%

ダンスSPレッスン終了時、ダンス上昇+13

スキルカード（SSR）獲得時、ダンス上昇+5

イベントによるパラメータ上昇+50%","ダンスパラメータボーナス+7.0%

Pドリンク獲得時、ダンス上昇+4

レッスンサポート発生率+74.6%

ダンスSPレッスン終了時、ダンス上昇+13

スキルカード（SSR）獲得時、ダンス上昇+5

イベントによるパラメータ上昇+75%","ダンスパラメータボーナス+7.5%

Pドリンク獲得時、ダンス上昇+5

レッスンサポート発生率+83.1%

ダンスSPレッスン終了時、ダンス上昇+13

スキルカード（SSR）獲得時、ダンス上昇+5

イベントによるパラメータ上昇+75%","ダンスパラメータボーナス+8.0%

Pドリンク獲得時、ダンス上昇+5

レッスンサポート発生率+91.5%

ダンスSPレッスン終了時、ダンス上昇+17

スキルカード（SSR）獲得時、ダンス上昇+5

イベントによるパラメータ上昇+75%","ダンスパラメータボーナス+8.5%

Pドリンク獲得時、ダンス上昇+5

レッスンサポート発生率+100.0%

ダンスSPレッスン終了時、ダンス上昇+17

スキルカード（SSR）獲得時、ダンス上昇+6

イベントによるパラメータ上昇+100%"
もうすぐ本番ですね,free,Vi,417,item,素敵なお仕事,スキルカードチェンジ時、Vi400以上の場合、Vi+25 体力回復2（プロデュース中3回）,75,,40,ランダム「基本」チェンジ,,,最大体力+9,ViSP終了時体力回復7,基本チェンジ時Vi+39（3回のみ）,試験・オデ終了時デッキ15枚以上Vi+37（5回のみ）,,,,,,,,,,,,,,,,,,,,,,,,,,,,,,,,,,,,,,,,,,,,,,39,37,,,,,,,,,,,,
おい、来てやったぞ！,sense,Da,369,item,ピークタイムフラッグ,集中効果カード獲得時 Da700以上の場合 Da+20 体力回復5（プロデュース中3回）,60,,40,ランダムカード強化,65,,,DaSP率+28％,DaSP終了時Da+17,Pドリンク獲得時Da+5,17,,,,,,,,,,,,,,,,,,,,,,,,,,,,,,,,,,,,,5,,,,,,,,,,,,,,,28,,"初期ダンス上昇+52

ダンスSPレッスン発生率+21%

レッスンサポート発生率+66.1%

ダンスSPレッスン終了時、ダンス上昇+13

Pドリンク獲得時、ダンス上昇+4

イベントによるパラメータ上昇+50%","初期ダンス上昇+55

ダンスSPレッスン発生率+21%

レッスンサポート発生率+74.6%

ダンスSPレッスン終了時、ダンス上昇+13

Pドリンク獲得時、ダンス上昇+4

イベントによるパラメータ上昇+75%","初期ダンス上昇+59

ダンスSPレッスン発生率+28%

レッスンサポート発生率+83.1%

ダンスSPレッスン終了時、ダンス上昇+13

Pドリンク獲得時、ダンス上昇+4

イベントによるパラメータ上昇+75%","初期ダンス上昇+62

ダンスSPレッスン発生率+28%

レッスンサポート発生率+91.5%

ダンスSPレッスン終了時、ダンス上昇+17

Pドリンク獲得時、ダンス上昇+4

イベントによるパラメータ上昇+75%","初期ダンス上昇+65

ダンスSPレッスン発生率+28%

レッスンサポート発生率+100.0%

ダンスSPレッスン終了時、ダンス上昇+17

Pドリンク獲得時、ダンス上昇+5

イベントによるパラメータ上昇+100%"
上かッ！！,logic,Da,363,skill_card,頭上に注意！,3ターン目以降の場合、使用可 やる気+3 やる気増加量増加+50%（3ターン） 消費体力削減1（レッスン中1回）,,,40,ランダムカード強化,,8.5,,SP終了時デッキ20枚以上Da+21（4回のみ）,DaSP終了時Da+17,スキル（SSR）獲得時Da+6,17,,,,,,,,,21,,,,,,,,,,,6,,,,,,,,,,,,,,,,,,,,,,,,,,,,,,,,,,,,,,
月村手毬、興味深いわね,logic,Vo,191,skill_card,対象、ロックオン,体力-4 元気+6 好印象強化+100%（3ターン） 好印象が10以上の場合、以降の3ターンの間、ターン開始時、スキルカードを引く,,,40,ランダムカード強化,,8.5,,活動支給差し入れ選択時Vo+17,VoSP終了時Vo+17,スキル削除時Vo+11,,,17,,,,,,,,17,,,,,,,,11,,,,,,,,,,,,,,,,,,,,,,,,,,,,,,,,,,,,"ボーカルパラメータボーナス+6.5%

活動支給・差し入れ選択時、ボーカル上昇+12

レッスンサポート発生率+66.1%

ボーカルSPレッスン終了時、ボーカル上昇+13

スキルカード削除時、ボーカル上昇+8

イベントによるパラメータ上昇+50%","ボーカルパラメータボーナス+7.0%

活動支給・差し入れ選択時、ボーカル上昇+12

レッスンサポート発生率+74.6%

ボーカルSPレッスン終了時、ボーカル上昇+13

スキルカード削除時、ボーカル上昇+8

イベントによるパラメータ上昇+75%","ボーカルパラメータボーナス+7.5%

活動支給・差し入れ選択時、ボーカル上昇+17

レッスンサポート発生率+83.1%

ボーカルSPレッスン終了時、ボーカル上昇+13

スキルカード削除時、ボーカル上昇+8

イベントによるパラメータ上昇+75%","ボーカルパラメータボーナス+8.0%

活動支給・差し入れ選択時、ボーカル上昇+17

レッスンサポート発生率+91.5%

ボーカルSPレッスン終了時、ボーカル上昇+17

スキルカード削除時、ボーカル上昇+8

イベントによるパラメータ上昇+75%","ボーカルパラメータボーナス+8.5%

活動支給・差し入れ選択時、ボーカル上昇+17

レッスンサポート発生率+100%

ボーカルSPレッスン終了時、ボーカル上昇+17

スキルカード削除時、ボーカル上昇+11

イベントによるパラメータ上昇+100%"
食レポ、得意かも！,anomaly,Vo,229,item,大満足レポート♪,特別指導開始時 Da900以下の場合 Vo+25 スキルを選択して強化 次の特別指導のカスタマイズを20%割引（プロデュース中1回）,25,,40,ランダムカード強化,,8.5,,スキル獲得時温存カード8枚以上Vo+22（4回のみ）,VoSP終了時Vo+17,活動支給差し入れ選択時Vo+38（2回のみ）,,,17,,,,,,,,,,,,,,,,,,,,,,,,,,,,,,,,,,,,,,,22,,,,,,38,,,,,,,,,,,
大切な思い出、またひとつ,sense,Vo,228,item,真夏に咲く太陽,集中効果カード獲得時 Vo900以上の場合 Vo+10 スキルカードを選択して削除 スキルカード（R）を選択して獲得（プロデュース中2回）,20,,40,ランダムカード強化,,8.5,,スキル削除時Vo+20（4回のみ）,VoSP終了時Vo+17,スキル獲得時集中カード8枚以上Vo+22（4回のみ）,,,17,,,,,,,,,,,,,,,,,,,,,,,,,,,,,,,,,,,,,,22,,,,,,,,,,20,,,,,,,,
おっと、危ないよ,logic,Vo,227,item,体力作りの教材？,やる気効果カード獲得時 Vo400以上の場合 Vo+30 体力回復5（プロデュース中2回）,60,,40,ランダムカード強化,,8.5,,授業営業終了時Vo+7,VoSP終了時Vo+17,活動支給差し入れ選択時Vo+17,,,17,,,,,,,,17,7,,,,,,,,,,,,,,,,,,,,,,,,,,,,,,,,,,,,,,,,,,,"ボーカルパラメータボーナス+6.5%

授業・営業終了時、ボーカル上昇+5

レッスンサポート発生率+66.1%

ボーカルSPレッスン終了時、ボーカル上昇+13

活動支給・差し入れ選択時、ボーカル上昇+12

イベントによるパラメータ上昇+50%","ボーカルパラメータボーナス+7.0%

授業・営業終了時、ボーカル上昇+5

レッスンサポート発生率+74.6%

ボーカルSPレッスン終了時、ボーカル上昇+13

活動支給・差し入れ選択時、ボーカル上昇+12

イベントによるパラメータ上昇+75%","ボーカルパラメータボーナス+7.5%

授業・営業終了時、ボーカル上昇+7

レッスンサポート発生率+83.1%

ボーカルSPレッスン終了時、ボーカル上昇+13

活動支給・差し入れ選択時、ボーカル上昇+12

イベントによるパラメータ上昇+75%","ボーカルパラメータボーナス+8.0%

授業・営業終了時、ボーカル上昇+7

レッスンサポート発生率+91.5%

ボーカルSPレッスン終了時、ボーカル上昇+17

活動支給・差し入れ選択時、ボーカル上昇+12

イベントによるパラメータ上昇+75%","ボーカルパラメータボーナス+8.5%

授業・営業終了時、ボーカル上昇+7

レッスンサポート発生率+100.0%

ボーカルSPレッスン終了時、ボーカル上昇+17

活動支給・差し入れ選択時、ボーカル上昇+17

イベントによるパラメータ上昇+100%"
なぜこんなところにッ！？,anomaly,Da,339,item,完全制覇でポン,全力効果のスキルカード獲得時、ダンスが700以上の場合、ダンス上昇+30 ランダムなPドリンク（SR以上）を獲得（プロデュース中2回）,60,,40,ランダムカード強化,65,,,DaSP率+28％,スキル（SSR）獲得時Da+6,DaSP終了時Da+17,17,,,,,,,,,,,,,,,,,,,,6,,,,,,,,,,,,,,,,,,,,,,,,,,,,,,,,28,,"初期ダンス上昇+52

ダンスSPレッスン発生率+21%

レッスンサポート発生率+66.1%

スキルカード（SSR）獲得時、ダンス上昇+5

ダンスSPレッスン終了時、ダンス上昇+13

イベントによるパラメータ上昇+50%","初期ダンス上昇+55

ダンスSPレッスン発生率+21%

レッスンサポート発生率+74.6%

スキルカード（SSR）獲得時、ダンス上昇+5

ダンスSPレッスン終了時、ダンス上昇+13

イベントによるパラメータ上昇+50%","初期ダンス上昇+59

ダンスSPレッスン発生率+21%

レッスンサポート発生率+83.1%

スキルカード（SSR）獲得時、ダンス上昇+5

ダンスSPレッスン終了時、ダンス上昇+13

イベントによるパラメータ上昇+75%","初期ダンス上昇+62

ダンスSPレッスン発生率+28%

レッスンサポート発生率+91.5%

スキルカード（SSR）獲得時、ダンス上昇+5

ダンスSPレッスン終了時、ダンス上昇+13

イベントによるパラメータ上昇+75%","初期ダンス上昇+65

ダンスSPレッスン発生率+28%

レッスンサポート発生率+100%

スキルカード（SSR）獲得時、ダンス上昇+6

ダンスSPレッスン終了時、ダンス上昇+17

イベントによるパラメータ上昇+100%"
放っておけない気になる子,anomaly,Vo,356,item,面白くて心配な子,温存効果カード獲得時 Vo700以上の場合 Pポイント+50 体力回復5（プロデュース中2回）,,,40,ランダムカード強化,65,,,スキル削除時Vo+11,相談Pドリンク交換後Vo+11,活動支給差し入れ選択時Vo+17,,,,,,,,,,,17,,,,11,,,,11,,,,,,,,,,,,,,,,,,,,,,,,,,,,,,,,,,,,"初期ボーカル上昇+52

スキルカード削除時、ボーカル上昇+8

レッスンサポート発生率+66.1%

相談でPドリンク交換後、ボーカル上昇+8

活動支給・差し入れ選択時、ボーカル上昇+12

イベントによるパラメータ上昇+50%","初期ボーカル上昇+55

スキルカード削除時、ボーカル上昇+8

レッスンサポート発生率+74.6%

相談でPドリンク交換後、ボーカル上昇+8

活動支給・差し入れ選択時、ボーカル上昇+12

イベントによるパラメータ上昇+75%","初期ボーカル上昇+59

スキルカード削除時、ボーカル上昇+11

レッスンサポート発生率+83.1%

相談でPドリンク交換後、ボーカル上昇+8

活動支給・差し入れ選択時、ボーカル上昇+12

イベントによるパラメータ上昇+75%","初期ボーカル上昇+62

スキルカード削除時、ボーカル上昇+11

レッスンサポート発生率+91.5%

相談でPドリンク交換後、ボーカル上昇+11

活動支給・差し入れ選択時、ボーカル上昇+12

イベントによるパラメータ上昇+75%","初期ボーカル上昇+65

スキルカード削除時、ボーカル上昇+11

レッスンサポート発生率+100.0%

相談でPドリンク交換後、ボーカル上昇+11

活動支給・差し入れ選択時、ボーカル上昇+17

イベントによるパラメータ上昇+100%"
次の曲は〜ッあの曲だ！！,logic,Vo,208,item,全力おうえんうちわ,Voターン Aカード使用時、元気30以下の場合、好印象+3 パラメータ上昇量増加10%（5ターン）（レッスン内1回）,,,40,ランダムカード強化,,8.5,,スキル削除時Vo+20（4回のみ）,VoSP終了時Vo+17,スキル獲得時好印象カード8枚以上Vo+22（4回のみ）,,,17,,,,,,,,,,,,,,,,,,,,,,,,,,,,,,,,,,,,,,,,22,,,,,,,,20,,,,,,,,
メリクリ、おねーちゃん♪,anomaly,Da,319,item,いたずらサンタさん,体力-6 温存2段階目に変更 熱意増加+50%（3ターン） スキルカード使用数追加+1,,,40,ランダムカード強化,,8.5,,スキル（SSR）獲得時Da+6,DaSP終了時Da+17,スキル強化時Da+4,17,,,,,,,,,,,,,,,,,,,4,6,,,,,,,,,,,,,,,,,,,,,,,,,,,,,,,,,,"ダンスパラメータボーナス+6.5%

スキルカード（SSR）獲得時、ダンス上昇+5

レッスンサポート発生率+66.1%

ダンスSPレッスン終了時、ダンス上昇+13

スキルカード強化時、ダンス上昇+3

イベントによるパラメータ上昇+50%","ダンスパラメータボーナス+7.0%

スキルカード（SSR）獲得時、ダンス上昇+5

レッスンサポート発生率+74.6%

ダンスSPレッスン終了時、ダンス上昇+13

スキルカード強化時、ダンス上昇+3

イベントによるパラメータ上昇+75%","ダンスパラメータボーナス+7.5%

スキルカード（SSR）獲得時、ダンス上昇+6

レッスンサポート発生率+83.1%

ダンスSPレッスン終了時、ダンス上昇+13

スキルカード強化時、ダンス上昇+3

イベントによるパラメータ上昇+75%","ダンスパラメータボーナス+8.0%

スキルカード（SSR）獲得時、ダンス上昇+6

レッスンサポート発生率+91.5%

ダンスSPレッスン終了時、ダンス上昇+17

スキルカード強化時、ダンス上昇+3

イベントによるパラメータ上昇+75%","ダンスパラメータボーナス+8.5%

スキルカード（SSR）獲得時、ダンス上昇+6

レッスンサポート発生率+100%

ダンスSPレッスン終了時、ダンス上昇+17

スキルカード強化時、ダンス上昇+4

イベントによるパラメータ上昇+100%"
ここから始まるんだね！,sense,Da,267,item,夢へのスタートライン,Daターン ターン開始時 好調が3ターン以上の場合 好調3ターン 体力消費1（レッスン内2回）,,,40,ランダムカード強化,,8.5,,スキル削除時Da+11,DaSP終了時Da+17,授業営業終了時Da+7,17,,,,,,,,,,,7,,,,,,,11,,,,,,,,,,,,,,,,,,,,,,,,,,,,,,,,,,,,"ダンスパラメータボーナス+6.5%

スキルカード削除時、ダンス上昇+8

レッスンサポート発生率+66.1%

ダンスSPレッスン終了時、ダンス上昇+13

授業・営業終了時、ダンス上昇+5

イベントによるパラメータ上昇+50%","ダンスパラメータボーナス+7.0%

スキルカード削除時、ダンス上昇+8

レッスンサポート発生率+74.6%

ダンスSPレッスン終了時、ダンス上昇+13

授業・営業終了時、ダンス上昇+5

イベントによるパラメータ上昇+50%","ダンスパラメータボーナス+7.5%

スキルカード削除時、ダンス上昇+11

レッスンサポート発生率+83.1%

ダンスSPレッスン終了時、ダンス上昇+13

授業・営業終了時、ダンス上昇+5

イベントによるパラメータ上昇+75%","ダンスパラメータボーナス+8.0%

スキルカード削除時、ダンス上昇+11

レッスンサポート発生率+91.5%

ダンスSPレッスン終了時、ダンス上昇+17

授業・営業終了時、ダンス上昇+5

イベントによるパラメータ上昇+75%","ダンスパラメータボーナス+8.5%

スキルカード削除時、ダンス上昇+11

レッスンサポート発生率+100.0%

ダンスSPレッスン終了時、ダンス上昇+17

授業・営業終了時、ダンス上昇+7

イベントによるパラメータ上昇+100%"
キラキラして綺麗〜っ！,sense,Da,257,item,光の夜,体力-0 絶好調2ターン 体力回復2,,,40,ランダムカード強化,,8.5,,相談選択時Da+18,DaSP終了時Da+17,試験・オデ終了時Da+22（2回のみ）,17,,,,,,,,,,,,,18,,,22,,,,,,,,,,,,,,,,,,,,,,,,,,,,,,,,,,,,,,"ダンスパラメータボーナス+6.5%

相談選択時、ダンス上昇+14

レッスンサポート発生率+66.1%

ダンスSPレッスン終了時、ダンス上昇+13

試験・オーディション終了時、ダンス上昇+17（プロデュース中2回）

イベントによるパラメータ上昇+50%","ダンスパラメータボーナス+7.0%

相談選択時、ダンス上昇+14

レッスンサポート発生率+74.6%

ダンスSPレッスン終了時、ダンス上昇+13

試験・オーディション終了時、ダンス上昇+17（プロデュース中2回）

イベントによるパラメータ上昇+50%","ダンスパラメータボーナス+7.5%

相談選択時、ダンス上昇+14

レッスンサポート発生率+83.1%

ダンスSPレッスン終了時、ダンス上昇+13

試験・オーディション終了時、ダンス上昇+17（プロデュース中2回）

イベントによるパラメータ上昇+75%","ダンスパラメータボーナス+8.0%

相談選択時、ダンス上昇+18

レッスンサポート発生率+91.5%

ダンスSPレッスン終了時、ダンス上昇+17

試験・オーディション終了時、ダンス上昇+17（プロデュース中2回）

イベントによるパラメータ上昇+75%","ダンスパラメータボーナス+8.5%

相談選択時、ダンス上昇+18

レッスンサポート発生率+100.0%

ダンスSPレッスン終了時、ダンス上昇+17

試験・オーディション終了時、ダンス上昇+22（プロデュース中2回）

イベントによるパラメータ上昇+100%"
よくやったな、倉本。,anomaly,Da,309,item,居残りの生徒会室,Daターン ターン開始時 強気になった回数が3回以上の場合 熱意追加+10（レッスン内1回）,,,40,ランダムカード強化,65,,,DaSP率+28％,DaSP終了時Da+17,Pドリンク獲得時Da+5,17,,,,,,,,,,,,,,,,,,,,,,,,,,,,,,,,,,,,,5,,,,,,,,,,,,,,,28,,"初期ダンス上昇+52

ダンスSPレッスン発生率+21%

レッスンサポート発生率+66.1%

ダンスSPレッスン終了時、ダンス上昇+13

Pドリンク獲得時、ダンス上昇+4

イベントによるパラメータ上昇+50%","初期ダンス上昇+55

ダンスSPレッスン発生率+21%

レッスンサポート発生率+74.6%

ダンスSPレッスン終了時、ダンス上昇+13

Pドリンク獲得時、ダンス上昇+4

イベントによるパラメータ上昇+75%","初期ダンス上昇+59

ダンスSPレッスン発生率+28%

レッスンサポート発生率+83.1%

ダンスSPレッスン終了時、ダンス上昇+13

Pドリンク獲得時、ダンス上昇+4

イベントによるパラメータ上昇+75%","初期ダンス上昇+62

ダンスSPレッスン発生率+28%

レッスンサポート発生率+91.5%

ダンスSPレッスン終了時、ダンス上昇+17

Pドリンク獲得時、ダンス上昇+4

イベントによるパラメータ上昇+75%","初期ダンス上昇+65

ダンスSPレッスン発生率+28%

レッスンサポート発生率+100.0%

ダンスSPレッスン終了時、ダンス上昇+17

Pドリンク獲得時、ダンス上昇+5

イベントによるパラメータ上昇+100%"
手毬のリサイタル、だね,anomaly,Vo,190,skill_card,寒空リサイタル,体力-6 元気+7 全力値+1 以降3回まで、メンタルスキルカード使用時、非全力状態の場合、全力値+2,,,40,ランダムカード強化,,8.5,,メンタル獲得時Vo+3,VoSP終了時Vo+17,スキル（SSR）獲得時Vo+6,,,17,,,,,,,,,,,,,,,,,,6,,,,3,,,,,,,,,,,,,,,,,,,,,,,,,,,,,,"ボーカルパラメータボーナス+6.5%

メンタルスキルカード獲得時、ボーカル上昇+2

レッスンサポート発生率+66.1%

ボーカルSPレッスン終了時、ボーカル上昇+13

スキルカード（SSR）獲得時、ボーカル上昇+5

イベントによるパラメータ上昇+50%","ボーカルパラメータボーナス+7.0%

メンタルスキルカード獲得時、ボーカル上昇+2

レッスンサポート発生率+74.6%

ボーカルSPレッスン終了時、ボーカル上昇+13

スキルカード（SSR）獲得時、ボーカル上昇+5

イベントによるパラメータ上昇+75%","ボーカルパラメータボーナス+7.5%

メンタルスキルカード獲得時、ボーカル上昇+3

レッスンサポート発生率+83.1%

ボーカルSPレッスン終了時、ボーカル上昇+13

スキルカード（SSR）獲得時、ボーカル上昇+5

イベントによるパラメータ上昇+75%","ボーカルパラメータボーナス+8.0%

メンタルスキルカード獲得時、ボーカル上昇+3

レッスンサポート発生率+91.5%

ボーカルSPレッスン終了時、ボーカル上昇+17

スキルカード（SSR）獲得時、ボーカル上昇+5

イベントによるパラメータ上昇+75%","ボーカルパラメータボーナス+8.5%

メンタルスキルカード獲得時、ボーカル上昇+3

レッスンサポート発生率+100%

ボーカルSPレッスン終了時、ボーカル上昇+17

スキルカード（SSR）獲得時、ボーカル上昇+6

イベントによるパラメータ上昇+100%"
クールダウンが大切よ！,sense,Vi,256,skill_card,ほぐれるひととき,好調消費1ターン 3ターン目以降の場合、使用可 集中増加量増加+50%（3ターン） 好調状態の場合、次のターン、集中+4,,,40,ランダムカード強化,65,,,相談選択時Vi+18,スキル（SSR）獲得時Vi+6,授業営業終了時Vi+7,,,,,,,,,,,,7,,18,,,,,,,6,,,,,,,,,,,,,,,,,,,,,,,,,,,,,,,,,,"初期ビジュアル上昇+52

相談選択時、ビジュアル上昇+14

レッスンサポート発生率+66.1%

スキルカード（SSR）獲得時、ビジュアル上昇+5

授業・営業終了時、ビジュアル上昇+5

イベントによるパラメータ上昇+50%","初期ビジュアル上昇+55

相談選択時、ビジュアル上昇+14

レッスンサポート発生率+74.6%

スキルカード（SSR）獲得時、ビジュアル上昇+5

授業・営業終了時、ビジュアル上昇+5

イベントによるパラメータ上昇+75%","初期ビジュアル上昇+59

相談選択時、ビジュアル上昇+18

レッスンサポート発生率+83.1%

スキルカード（SSR）獲得時、ビジュアル上昇+5

授業・営業終了時、ビジュアル上昇+5

イベントによるパラメータ上昇+75%","初期ビジュアル上昇+62

相談選択時、ビジュアル上昇+18

レッスンサポート発生率+91.5%

スキルカード（SSR）獲得時、ビジュアル上昇+6

授業・営業終了時、ビジュアル上昇+5

イベントによるパラメータ上昇+75%","初期ビジュアル上昇+65

相談選択時、ビジュアル上昇+18

レッスンサポート発生率+100%

スキルカード（SSR）獲得時、ビジュアル上昇+6

授業・営業終了時、ビジュアル上昇+7

イベントによるパラメータ上昇+100%"
いつも頑張ってるね。,sense,Vi,273,item,包まれるやさしさ,Viターン ターン開始時 好調が10ターン以上の場合 絶好調4ターン 元気+10（レッスン内1回）,,,40,ランダムカード強化,,8.5,,スキル削除時Vi+11,ViSP終了時Vi+17,Pドリンク獲得時Vi+5,,17,,,,,,,,,,,,,,,,,11,,,,,,,,,,,,,,,,,,,5,,,,,,,,,,,,,,,,,"ビジュアルパラメータボーナス+6.5%

スキルカード削除時、ビジュアル上昇+8

レッスンサポート発生率+66.1%

ビジュアルSPレッスン終了時、ビジュアル上昇+13

Pドリンク獲得時、ビジュアル上昇+4

イベントによるパラメータ上昇+50%","ビジュアルパラメータボーナス+7.0%

スキルカード削除時、ビジュアル上昇+8

レッスンサポート発生率+74.6%

ビジュアルSPレッスン終了時、ビジュアル上昇+13

Pドリンク獲得時、ビジュアル上昇+4

イベントによるパラメータ上昇+75%","ビジュアルパラメータボーナス+7.5%

スキルカード削除時、ビジュアル上昇+11

レッスンサポート発生率+83.1%

ビジュアルSPレッスン終了時、ビジュアル上昇+13

Pドリンク獲得時、ビジュアル上昇+4

イベントによるパラメータ上昇+75%","ビジュアルパラメータボーナス+8.0%

スキルカード削除時、ビジュアル上昇+11

レッスンサポート発生率+91.5%

ビジュアルSPレッスン終了時、ビジュアル上昇+17

Pドリンク獲得時、ビジュアル上昇+4

イベントによるパラメータ上昇+75%","ビジュアルパラメータボーナス+8.5%

スキルカード削除時、ビジュアル上昇+11

レッスンサポート発生率+100.0%

ビジュアルSPレッスン終了時、ビジュアル上昇+17

Pドリンク獲得時、ビジュアル上昇+5

イベントによるパラメータ上昇+100%"
自分と向き合う時間だ,sense,Da,283,item,無我の境地,授業・営業終了時、ダンスが700以上の場合、初星ホエイプロテインを獲得 Pポイント+40（プロデュース中2回）,,,40,ランダムカード強化,,8.5,,好調カード獲得時Da+4,DaSP終了時Da+17,SP終了時デッキ20枚以上Da+21（4回のみ）,17,,,,,,,,,21,,,,,,,,,,,,,,,,,,,,,,,,4,,,,,,,,,,,,,,,,,,,,,"ダンスパラメータボーナス+6.5%

好調効果のスキルカード獲得時、ダンス上昇+3

レッスンサポート発生率+66.1%

ダンスSPレッスン終了時、ダンス上昇+13

SPレッスン終了時、所持スキルカードが20枚以上の場合、ダンス上昇+15（プロデュース中4回）

イベントによるパラメータ上昇+50%","ダンスパラメータボーナス+7.0%

好調効果のスキルカード獲得時、ダンス上昇+3

レッスンサポート発生率+74.6%

ダンスSPレッスン終了時、ダンス上昇+13

SPレッスン終了時、所持スキルカードが20枚以上の場合、ダンス上昇+15（プロデュース中4回）

イベントによるパラメータ上昇+75%","ダンスパラメータボーナス+7.5%

好調効果のスキルカード獲得時、ダンス上昇+4

レッスンサポート発生率+83.1%

ダンスSPレッスン終了時、ダンス上昇+13

SPレッスン終了時、所持スキルカードが20枚以上の場合、ダンス上昇+15（プロデュース中4回）

イベントによるパラメータ上昇+75%","ダンスパラメータボーナス+8.0%

好調効果のスキルカード獲得時、ダンス上昇+4

レッスンサポート発生率+91.5%

ダンスSPレッスン終了時、ダンス上昇+17

SPレッスン終了時、所持スキルカードが20枚以上の場合、ダンス上昇+15（プロデュース中4回）

イベントによるパラメータ上昇+75%","ダンスパラメータボーナス+8.5%

好調効果のスキルカード獲得時、ダンス上昇+4

レッスンサポート発生率+100%

ダンスSPレッスン終了時、ダンス上昇+17

SPレッスン終了時、所持スキルカードが20枚以上の場合、ダンス上昇+21（プロデュース中4回）

イベントによるパラメータ上昇+100%"
ほっぺた、ぷに,free,Vi,190,item,手作りのご褒美,試験・オーディション終了時 Vi400以上の場合 Vi+26,130,,30,--,,6.4,,初期Pポイント+30,Vi通常終了時Vi+13,授業営業終了時Vi+5,,,,,,,,,13,,,5,,,,,,,,,,,,,,,,,,,,,,,,,,,,,,,,,,,,,,,,,,,"ビジュアルパラメータボーナス+4.4%

初期Pポイント+15

レッスンサポート発生率+59.2%

ビジュアル通常レッスン終了時、ビジュアル上昇+7

授業・営業終了時、ビジュアル上昇+3

イベントによるパラメータ上昇+50%","ビジュアルパラメータボーナス+4.9%

初期Pポイント+30

レッスンサポート発生率+69.4%

ビジュアル通常レッスン終了時、ビジュアル上昇+7

授業・営業終了時、ビジュアル上昇+3

イベントによるパラメータ上昇+50%","ビジュアルパラメータボーナス+5.4%

初期Pポイント+30

レッスンサポート発生率+79.6%

ビジュアル通常レッスン終了時、ビジュアル上昇+7

授業・営業終了時、ビジュアル上昇+3

イベントによるパラメータ上昇+75%","ビジュアルパラメータボーナス+5.9%

初期Pポイント+30

レッスンサポート発生率+89.8%

ビジュアル通常レッスン終了時、ビジュアル上昇+7

授業・営業終了時、ビジュアル上昇+5

イベントによるパラメータ上昇+75%","ビジュアルパラメータボーナス+6.4%

初期Pポイント+30

レッスンサポート発生率+100.0%

ビジュアル通常レッスン終了時、ビジュアル上昇+13

授業・営業終了時、ビジュアル上昇+5

イベントによるパラメータ上昇+100%"
嬉し恥ずかし夢心地,free,Da,190,item,お姉さま大百科,試験・オーディション終了時 Da400以上の場合 Da+26,130,,30,--,49,,,初期Pポイント+30,Da通常終了時Da+13,授業営業終了時Da+5,,,,,,,,13,,,,5,,,,,,,,,,,,,,,,,,,,,,,,,,,,,,,,,,,,,,,,,,,"初期ダンス上昇+37

初期Pポイント+15

レッスンサポート発生率+59.2%

ダンス通常レッスン終了時、ダンス上昇+7

授業・営業終了時、ダンス上昇+3

イベントによるパラメータ上昇+50%","初期ダンス上昇+40

初期Pポイント+30

レッスンサポート発生率+69.4%

ダンス通常レッスン終了時、ダンス上昇+7

授業・営業終了時、ダンス上昇+3

イベントによるパラメータ上昇+50%","初期ダンス上昇+43

初期Pポイント+30

レッスンサポート発生率+79.6%

ダンス通常レッスン終了時、ダンス上昇+7

授業・営業終了時、ダンス上昇+3

イベントによるパラメータ上昇+75%","初期ダンス上昇+46

初期Pポイント+30

レッスンサポート発生率+89.8%

ダンス通常レッスン終了時、ダンス上昇+7

授業・営業終了時、ダンス上昇+5

イベントによるパラメータ上昇+75%","初期ダンス上昇+49

初期Pポイント+30

レッスンサポート発生率+100.0%

ダンス通常レッスン終了時、ダンス上昇+13

授業・営業終了時、ダンス上昇+5

イベントによるパラメータ上昇+100%"
愛無き暗記は難しい,free,Vo,190,item,打倒！墾田永年私財法,試験・オーディション終了時 Vo400以上の場合 Vo+26,130,,30,--,49,,,初期Pポイント+30,Vo通常終了時Vo+13,授業営業終了時Vo+5,,,,,,,13,,,,,5,,,,,,,,,,,,,,,,,,,,,,,,,,,,,,,,,,,,,,,,,,,"初期ボーカル上昇+37

初期Pポイント+15

レッスンサポート発生率+59.2%

ボーカル通常レッスン終了時、ボーカル上昇+7

授業・営業終了時、ボーカル上昇+3

イベントによるパラメータ上昇+50%","初期ボーカル上昇+40

初期Pポイント+30

レッスンサポート発生率+69.4%

ボーカル通常レッスン終了時、ボーカル上昇+7

授業・営業終了時、ボーカル上昇+3

イベントによるパラメータ上昇+50%","初期ボーカル上昇+43

初期Pポイント+30

レッスンサポート発生率+79.6%

ボーカル通常レッスン終了時、ボーカル上昇+7

授業・営業終了時、ボーカル上昇+3

イベントによるパラメータ上昇+75%","初期ボーカル上昇+46

初期Pポイント+30

レッスンサポート発生率+89.8%

ボーカル通常レッスン終了時、ボーカル上昇+7

授業・営業終了時、ボーカル上昇+5

イベントによるパラメータ上昇+75%","初期ボーカル上昇+49

初期Pポイント+30

レッスンサポート発生率+100.0%

ボーカル通常レッスン終了時、ボーカル上昇+13

授業・営業終了時、ボーカル上昇+5

イベントによるパラメータ上昇+100%"
トゲトゲ注意報,anomaly,Vo,208,item,かごいっぱいの成果,温存効果カード獲得時 ボーカルが700以上の場合 ランダムなトラブルカードを削除 ボーカル上昇+30（プロデュース中1回）,30,,30,--,49,,,スキル（SSR）獲得時Vo+5,特別指導開始時Vo+18（3回のみ）,スキル削除時Vo+8,,,,,,,,,,,,,,,,,,18,8,,5,,,,,,,,,,,,,,,,,,,,,,,,,,,,,,,,,,"初期ボーカル上昇+37

スキルカード（SSR）獲得時、ボーカル上昇+3

レッスンサポート発生率+59.2%

特別指導開始時、ボーカル上昇+9（プロデュース中3回）

スキルカード削除時、ボーカル上昇+4

イベントによるパラメータ上昇+50%","初期ボーカル上昇+40

スキルカード（SSR）獲得時、ボーカル上昇+5

レッスンサポート発生率+69.4%

特別指導開始時、ボーカル上昇+9（プロデュース中3回）

スキルカード削除時、ボーカル上昇+4

イベントによるパラメータ上昇+50%","初期ボーカル上昇+43

スキルカード（SSR）獲得時、ボーカル上昇+5

レッスンサポート発生率+79.6%

特別指導開始時、ボーカル上昇+9（プロデュース中3回）

スキルカード削除時、ボーカル上昇+4

イベントによるパラメータ上昇+75%","初期ボーカル上昇+46

スキルカード（SSR）獲得時、ボーカル上昇+5

レッスンサポート発生率+89.8%

特別指導開始時、ボーカル上昇+9（プロデュース中3回）

スキルカード削除時、ボーカル上昇+8

イベントによるパラメータ上昇+75%","初期ボーカル上昇+49

スキルカード（SSR）獲得時、ボーカル上昇+5

レッスンサポート発生率+100.0%

特別指導開始時、ボーカル上昇+18（プロデュース中3回）

スキルカード削除時、ボーカル上昇+8

イベントによるパラメータ上昇+100%"
相変わらず不器用ね,logic,Vo,95,item,幼馴染の意地,特別指導開始時 ボーカルが400以上の場合 Pポイント+100（プロデュース中1回）,,,40,ランダムカード強化,65,,,好印象カード獲得時Vo+4,VoSP終了時Vo+17,お出かけ終了時Vo+15,,,17,,,,,,,,,,15,,,,,,,,,,,,,,,,,,4,,,,,,,,,,,,,,,,,,,,,,,,"初期ボーカル上昇+52

好印象効果のスキルカード獲得時、ボーカル上昇+3

レッスンサポート発生率+66.1%

ボーカルSPレッスン終了時、ボーカル上昇+13

お出かけ終了時、ボーカル上昇+11

イベントによるパラメータ上昇+50%","初期ボーカル上昇+55

好印象効果のスキルカード獲得時、ボーカル上昇+3

レッスンサポート発生率+74.6%

ボーカルSPレッスン終了時、ボーカル上昇+13

お出かけ終了時、ボーカル上昇+11

イベントによるパラメータ上昇+50%","初期ボーカル上昇+59

好印象効果のスキルカード獲得時、ボーカル上昇+3

レッスンサポート発生率+83.1%

ボーカルSPレッスン終了時、ボーカル上昇+13

お出かけ終了時、ボーカル上昇+11

イベントによるパラメータ上昇+75%","初期ボーカル上昇+62

好印象効果のスキルカード獲得時、ボーカル上昇+4

レッスンサポート発生率+91.5%

ボーカルSPレッスン終了時、ボーカル上昇+13

お出かけ終了時、ボーカル上昇+11

イベントによるパラメータ上昇+75%","初期ボーカル上昇+65

好印象効果のスキルカード獲得時、ボーカル上昇+4

レッスンサポート発生率+100.0%

ボーカルSPレッスン終了時、ボーカル上昇+17

お出かけ終了時、ボーカル上昇+15

イベントによるパラメータ上昇+100%"
やっと見つけたぞ！,logic,Da,225,item,寝心地は良好,Daターン 直接効果でやる気が増加後 好印象増加量増加+50%（2ターン） やる気増加量増加+50%（2ターン）（レッスン内1回）,,,40,ランダムカード強化,65,,,DaSP率+28％,DaSP終了時Da+17,スキル削除時Da+11,17,,,,,,,,,,,,,,,,,,11,,,,,,,,,,,,,,,,,,,,,,,,,,,,,,,,,,28,,"初期ダンス上昇+52

ダンスSPレッスン発生率+21%

レッスンサポート発生率+66.1%

ダンスSPレッスン終了時、ダンス上昇+13

スキルカード削除時、ダンス上昇+8

イベントによるパラメータ上昇+50%","初期ダンス上昇+55

ダンスSPレッスン発生率+21%

レッスンサポート発生率+74.6%

ダンスSPレッスン終了時、ダンス上昇+13

スキルカード削除時、ダンス上昇+8

イベントによるパラメータ上昇+75%","初期ダンス上昇+59

ダンスSPレッスン発生率+28%

レッスンサポート発生率+83.1%

ダンスSPレッスン終了時、ダンス上昇+13

スキルカード削除時、ダンス上昇+8

イベントによるパラメータ上昇+75%","初期ダンス上昇+62

ダンスSPレッスン発生率+28%

レッスンサポート発生率+91.5%

ダンスSPレッスン終了時、ダンス上昇+17

スキルカード削除時、ダンス上昇+8

イベントによるパラメータ上昇+75%","初期ダンス上昇+65

ダンスSPレッスン発生率+28%

レッスンサポート発生率+100%

ダンスSPレッスン終了時、ダンス上昇+17

スキルカード削除時、ダンス上昇+11

イベントによるパラメータ上昇+100%"
夏を楽しみましょう！,sense,Vo,205,item,オーバーパワーボール,Voターン 集中+4 体力消費2（レッスン内1回）,,,40,ランダムカード強化,,8.5,,初期Pポイント+40,VoSP終了時Vo+17,相談Pドリンク交換後Vo+11,,,17,,,,,,,,,,,,11,,,,,,,,,,,,,,,,,,,,,,,,,,,,,,,,,,,,,,,,"ボーカルレッスンボーナス+6.5%

初期Pポイント+30

レッスンサポート発生率+66.1%

ボーカルSPレッスン終了時、ボーカル上昇+13

相談でPドリンク交換後、ボーカル上昇+8

イベントによるパラメータ上昇+50%","ボーカルレッスンボーナス+7.0%

初期Pポイント+30

レッスンサポート発生率+74.6%

ボーカルSPレッスン終了時、ボーカル上昇+13

相談でPドリンク交換後、ボーカル上昇+8

イベントによるパラメータ上昇+75%","ボーカルレッスンボーナス+7.5%

初期Pポイント+40

レッスンサポート発生率+83.1%

ボーカルSPレッスン終了時、ボーカル上昇+13

相談でPドリンク交換後、ボーカル上昇+8

イベントによるパラメータ上昇+75%","ボーカルレッスンボーナス+8.0%

初期Pポイント+40

レッスンサポート発生率+91.5%

ボーカルSPレッスン終了時、ボーカル上昇+17

相談でPドリンク交換後、ボーカル上昇+8

イベントによるパラメータ上昇+75%","ボーカルレッスンボーナス+8.5%

初期Pポイント+40

レッスンサポート発生率+100.0%

ボーカルSPレッスン終了時、ボーカル上昇+17

相談でPドリンク交換後、ボーカル上昇+11

イベントによるパラメータ上昇+100%"
風紀が乱れるぞ！,anomaly,Vo,145,skill_card,ぴらっ♪,体力-6 このレッスン中の累計全力値が10以上の場合、使用可 パラメータ+1（3回） 全力値+3 成長：直接効果で指針を3回変更するたび自身のパラメータ値増加+10（3回まで）,,,40,ランダムカード強化,65,,,VoSP率+28％,VoSP終了時Vo+17,相談スキル交換後Vo+21（5回のみ）,,,17,,,,,,,,,,,,,,,,,,,,,,,,,,,,,,,,,,,,,,,,,21,,,,,,,,28,,,,,,,
バディ？,logic,Vo,144,item,お直し刺繍セット,やる気効果カード獲得時 Vo400以上の場合 体力回復4（プロデュース中5回）,,,30,--,,6.4,,スキル削除時Vo+8,VoSP終了時Vo+13,Pアイテム獲得時Vo+11（6回のみ）,,,13,,,,,,,,,,,,,,,,8,,,,,,,,,,,,,,,,,,11,,,,,,,,,,,,,,,,,,"ボーカルパラメータボーナス+4.4%

スキルカード削除時、ボーカル上昇+4

レッスンサポート発生率+59.2%

ボーカルSPレッスン終了時、ボーカル上昇+7

Pアイテム獲得時、ボーカル上昇+6（プロデュース中6回）

イベントによるパラメータ上昇+50%","ボーカルパラメータボーナス+4.9%

スキルカード削除時、ボーカル上昇+8

レッスンサポート発生率+69.4%

ボーカルSPレッスン終了時、ボーカル上昇+7

Pアイテム獲得時、ボーカル上昇+6（プロデュース中6回）

イベントによるパラメータ上昇+50%","ボーカルパラメータボーナス+5.4%

スキルカード削除時、ボーカル上昇+8

レッスンサポート発生率+79.6%

ボーカルSPレッスン終了時、ボーカル上昇+7

Pアイテム獲得時、ボーカル上昇+6（プロデュース中6回）

イベントによるパラメータ上昇+75%","ボーカルパラメータボーナス+5.9%

スキルカード削除時、ボーカル上昇+8

レッスンサポート発生率+89.8%

ボーカルSPレッスン終了時、ボーカル上昇+13

Pアイテム獲得時、ボーカル上昇+11（プロデュース中6回）

イベントによるパラメータ上昇+75%","ボーカルパラメータボーナス+6.4%

スキルカード削除時、ボーカル上昇+8

レッスンサポート発生率+100%

ボーカルSPレッスン終了時、ボーカル上昇+13

Pアイテム獲得時、ボーカル上昇+11（プロデュース中6回）

イベントによるパラメータ上昇+100%"
合格おめでとう！,sense,Da,270,item,花海メモリアル,集中効果カード獲得時 Da700以上の場合 Da+35 Pポイント+30（プロデュース中2回）,70,,40,ランダムカード強化,65,,,DaSP率+28％,スキル（SSR）獲得時Da+6,集中カード獲得時Da+4,,,,,,,,,,,,,,,,,,,,,6,,,,,,,,,,,,,,4,,,,,,,,,,,,,,,,,,28,,"初期ダンス上昇+52

ダンスSPレッスン発生率+21%

レッスンサポート発生率+66.1%

スキルカード（SSR）獲得時、ダンス上昇+5

集中効果のスキルカード獲得時、ダンス上昇+3

イベントによるパラメータ上昇+50%","初期ダンス上昇+55

ダンスSPレッスン発生率+21%

レッスンサポート発生率+74.6%

スキルカード（SSR）獲得時、ダンス上昇+5

集中効果のスキルカード獲得時、ダンス上昇+3

イベントによるパラメータ上昇+75%","初期ダンス上昇+59

ダンスSPレッスン発生率+28%

レッスンサポート発生率+83.1%

スキルカード（SSR）獲得時、ダンス上昇+5

集中効果のスキルカード獲得時、ダンス上昇+3

イベントによるパラメータ上昇+75%","初期ダンス上昇+62

ダンスSPレッスン発生率+28%

レッスンサポート発生率+91.5%

スキルカード（SSR）獲得時、ダンス上昇+6

集中効果のスキルカード獲得時、ダンス上昇+3

イベントによるパラメータ上昇+75%","初期ダンス上昇+65

ダンスSPレッスン発生率+28%

レッスンサポート発生率+100%

スキルカード（SSR）獲得時、ダンス上昇+6

集中効果のスキルカード獲得時、ダンス上昇+4

イベントによるパラメータ上昇+100%"
千奈の恩返し,logic,Da,224,item,お嬢様の恩返し,Daターン ターン開始時 好印象が6以上の場合 好印象の80％分パラメータ上昇（レッスン内2回）,,,30,--,,6.4,,スキル削除時Da+8,DaSP終了時Da+13,活動支給差し入れ選択時Da+11,13,,,,,,,,,,11,,,,,,,,8,,,,,,,,,,,,,,,,,,,,,,,,,,,,,,,,,,,,"ダンスパラメータボーナス+4.9%

スキルカード削除時、ダンス上昇+4

レッスンサポート発生率+59.2%

ダンスSPレッスン終了時、ダンス上昇+7

活動支給・差し入れ選択時、ダンス上昇+6

イベントによるパラメータ上昇+50%","ダンスパラメータボーナス+5.4%

スキルカード削除時、ダンス上昇+4

レッスンサポート発生率+69.4%

ダンスSPレッスン終了時、ダンス上昇+7

活動支給・差し入れ選択時、ダンス上昇+6

イベントによるパラメータ上昇+50%","ダンスパラメータボーナス+5.9%

スキルカード削除時、ダンス上昇+8

レッスンサポート発生率+79.6%

ダンスSPレッスン終了時、ダンス上昇+7

活動支給・差し入れ選択時、ダンス上昇+6

イベントによるパラメータ上昇+75%","ダンスパラメータボーナス+6.4%

スキルカード削除時、ダンス上昇+8

レッスンサポート発生率+89.8%

ダンスSPレッスン終了時、ダンス上昇+7

活動支給・差し入れ選択時、ダンス上昇+11

イベントによるパラメータ上昇+75%","ダンスパラメータボーナス+6.4%

スキルカード削除時、ダンス上昇+8

レッスンサポート発生率+100.0%

ダンスSPレッスン終了時、ダンス上昇+13

活動支給・差し入れ選択時、ダンス上昇+11

イベントによるパラメータ上昇+100%"
夏を満喫するわよ！,logic,Da,246,item,873シューター,Daターン ターン開始時 好印象+2 体力回復1（レッスン内2回）,,,40,ランダムカード強化,,8.5,,メンタル強化時Da+9,DaSP終了時Da+17,授業営業終了時Da+7,17,,,,,,,,,,,7,,,,,,,,,,,,,,9,,,,,,,,,,,,,,,,,,,,,,,,,,,,,"ダンスパラメータボーナス+6.5%

メンタルスキルカード強化時、ダンス上昇+7

レッスンサポート発生率+66.1%

ダンスSPレッスン終了時、ダンス上昇+13

授業・営業終了時、ダンス上昇+5

イベントによるパラメータ上昇+50%","ダンスパラメータボーナス+7.0%

メンタルスキルカード強化時、ダンス上昇+7

レッスンサポート発生率+74.6%

ダンスSPレッスン終了時、ダンス上昇+13

授業・営業終了時、ダンス上昇+5

イベントによるパラメータ上昇+75%","ダンスパラメータボーナス+7.5%

メンタルスキルカード強化時、ダンス上昇+9

レッスンサポート発生率+83.1%

ダンスSPレッスン終了時、ダンス上昇+13

授業・営業終了時、ダンス上昇+5

イベントによるパラメータ上昇+75%","ダンスパラメータボーナス+8.0%

メンタルスキルカード強化時、ダンス上昇+9

レッスンサポート発生率+91.5%

ダンスSPレッスン終了時、ダンス上昇+17

授業・営業終了時、ダンス上昇+5

イベントによるパラメータ上昇+75%","ダンスパラメータボーナス+8.5%

メンタルスキルカード強化時、ダンス上昇+9

レッスンサポート発生率+100.0%

ダンスSPレッスン終了時、ダンス上昇+17

授業・営業終了時、ダンス上昇+7

イベントによるパラメータ上昇+100%"
これは――お城ッ！！,sense,Vo,261,item,お礼のティーセット,特別指導開始時 Vo400以上の場合 Vo+30 Pポイント+20 体力回復10（プロデュース中1回）,30,,40,ランダムカード強化,65,,,活動支給差し入れ選択時Vo+17,好調カード獲得時Vo+4,スキルカスタム時Vo+11（6回のみ）,,,,,,,,,,,17,,,,,,,,,,,,11,,,,,,,,,,,4,,,,,,,,,,,,,,,,,,,,,"初期ボーカル上昇+52

活動支給・差し入れ選択時、ボーカル上昇+12

レッスンサポート発生率+66.1%

好調効果のスキルカード獲得時、ボーカル上昇+3

スキルカードカスタマイズ時、ボーカル上昇+8（プロデュース中6回）

イベントによるパラメータ上昇+50%","初期ボーカル上昇+55

活動支給・差し入れ選択時、ボーカル上昇+12

レッスンサポート発生率+74.6%

好調効果のスキルカード獲得時、ボーカル上昇+3

スキルカードカスタマイズ時、ボーカル上昇+8（プロデュース中6回）

イベントによるパラメータ上昇+75%","初期ボーカル上昇+59

活動支給・差し入れ選択時、ボーカル上昇+17

レッスンサポート発生率+83.1%

好調効果のスキルカード獲得時、ボーカル上昇+3

スキルカードカスタマイズ時、ボーカル上昇+8（プロデュース中6回）

イベントによるパラメータ上昇+75%","初期ボーカル上昇+62

活動支給・差し入れ選択時、ボーカル上昇+17

レッスンサポート発生率+91.5%

好調効果のスキルカード獲得時、ボーカル上昇+4

スキルカードカスタマイズ時、ボーカル上昇+8（プロデュース中6回）

イベントによるパラメータ上昇+75%","初期ボーカル上昇+65

活動支給・差し入れ選択時、ボーカル上昇+17

レッスンサポート発生率+100%

好調効果のスキルカード獲得時、ボーカル上昇+4

スキルカードカスタマイズ時、ボーカル上昇+11（プロデュース中6回）

イベントによるパラメータ上昇+100%"
そろそろ焼けたかな？,logic,Da,244,skill_card,ほかほか焼き芋,体力-4 元気+4 やる気+4 元気が30以上の場合 好印象+3,,,40,ランダムカード強化,65,,,DaSP率+28％,DaSP終了時Da+17,活動支給差し入れ選択時Da+17,17,,,,,,,,,,17,,,,,,,,,,,,,,,,,,,,,,,,,,,,,,,,,,,,,,,,,,28,,"初期ダンス上昇+52

ダンスSPレッスン発生率+21%

レッスンサポート発生率+66.1%

ダンスSPレッスン終了時、ダンス上昇+13

活動支給・差し入れ選択時、ダンス上昇+12

イベントによるパラメータ上昇+50%","初期ダンス上昇+55

ダンスSPレッスン発生率+21%

レッスンサポート発生率+74.6%

ダンスSPレッスン終了時、ダンス上昇+13

活動支給・差し入れ選択時、ダンス上昇+12

イベントによるパラメータ上昇+50%","初期ダンス上昇+59

ダンスSPレッスン発生率+21%

レッスンサポート発生率+83.1%

ダンスSPレッスン終了時、ダンス上昇+13

活動支給・差し入れ選択時、ダンス上昇+12

イベントによるパラメータ上昇+75%","初期ダンス上昇+62

ダンスSPレッスン発生率+28%

レッスンサポート発生率+91.5%

ダンスSPレッスン終了時、ダンス上昇+13

活動支給・差し入れ選択時、ダンス上昇+12

イベントによるパラメータ上昇+75%","初期ダンス上昇+65

ダンスSPレッスン発生率+28%

レッスンサポート発生率+100.0%

ダンスSPレッスン終了時、ダンス上昇+17

活動支給・差し入れ選択時、ダンス上昇+17

イベントによるパラメータ上昇+100%"
一時休戦です,sense,Vo,125,skill_card,はじける水しぶき,体力消費6 パラメータ+33 好調4ターン以上の場合、2ターン後、体力回復4,,,40,ランダム「基本」チェンジ,,8.5,,初期Pポイント+40,VoSP終了時Vo+17,活動支給差し入れ選択時Vo+17,,,17,,,,,,,,17,,,,,,,,,,,,,,,,,,,,,,,,,,,,,,,,,,,,,,,,,,,,"ボーカルパラメータボーナス+6.5%

初期Pポイント+30

レッスンサポート発生率+66.1%

ボーカルSPレッスン終了時、ボーカル上昇+13

活動支給・差し入れ選択時、ボーカル上昇+12

イベントによるパラメータ上昇+50%","ボーカルパラメータボーナス+7.0%

初期Pポイント+30

レッスンサポート発生率+74.6%

ボーカルSPレッスン終了時、ボーカル上昇+13

活動支給・差し入れ選択時、ボーカル上昇+12

イベントによるパラメータ上昇+75%","ボーカルパラメータボーナス+7.5%

初期Pポイント+40

レッスンサポート発生率+83.1%

ボーカルSPレッスン終了時、ボーカル上昇+13

活動支給・差し入れ選択時、ボーカル上昇+12

イベントによるパラメータ上昇+75%","ボーカルパラメータボーナス+8.0%

初期Pポイント+40

レッスンサポート発生率+91.5%

ボーカルSPレッスン終了時、ボーカル上昇+17

活動支給・差し入れ選択時、ボーカル上昇+12

イベントによるパラメータ上昇+75%","ボーカルパラメータボーナス+8.5%

初期Pポイント+40

レッスンサポート発生率+100.0%

ボーカルSPレッスン終了時、ボーカル上昇+17

活動支給・差し入れ選択時、ボーカル上昇+17

イベントによるパラメータ上昇+100%"
二人ならあっという間だね,free,Vo,122,item,とろけた時間,Voターン 上昇量増加50％ 1ターン（レッスン内3回）,,,40,ランダムカード強化,,8.5,,授業営業終了時Vo+7,スキル強化時Vo+4,VoSP終了時Vo+17,,,17,,,,,,,,,7,,,,,,,,4,,,,,,,,,,,,,,,,,,,,,,,,,,,,,,,,,,,"ボーカルパラメータボーナス+6.5%

授業・営業終了時、ボーカル上昇+5

レッスンサポート発生率+66.1%

スキルカード強化時、ボーカル上昇+3

ボーカルSPレッスン終了時、ボーカル上昇+13

イベントによるパラメータ上昇+50%","ボーカルパラメータボーナス+7.0%

授業・営業終了時、ボーカル上昇+5

レッスンサポート発生率+74.6%

スキルカード強化時、ボーカル上昇+3

ボーカルSPレッスン終了時、ボーカル上昇+13

イベントによるパラメータ上昇+50%","ボーカルパラメータボーナス+7.5%

授業・営業終了時、ボーカル上昇+5

レッスンサポート発生率+83.1%

スキルカード強化時、ボーカル上昇+3

ボーカルSPレッスン終了時、ボーカル上昇+13

イベントによるパラメータ上昇+75%","ボーカルパラメータボーナス+8.0%

授業・営業終了時、ボーカル上昇+7

レッスンサポート発生率+91.5%

スキルカード強化時、ボーカル上昇+3

ボーカルSPレッスン終了時、ボーカル上昇+13

イベントによるパラメータ上昇+75%","ボーカルパラメータボーナス+8.5%

授業・営業終了時、ボーカル上昇+7

レッスンサポート発生率+100.0%

スキルカード強化時、ボーカル上昇+4

ボーカルSPレッスン終了時、ボーカル上昇+17

イベントによるパラメータ上昇+100%"
はっぴぃはろうぃ〜〜ん！,sense,Da,209,item,びっくり仮装グッズ,好調効果獲得時 Da700以上の場合 Da+20 ランダムなPドリンクを獲得（プロデュース中2回）,40,,30,--,,6.4,,DaSP率+21％,DaSP終了時Da+13,スキル削除時Da+8,13,,,,,,,,,,,,,,,,,,8,,,,,,,,,,,,,,,,,,,,,,,,,,,,,,,,,,21,,"ダンスパラメータボーナス+4.4%

ダンスSPレッスン発生率+10.5%

レッスンサポート発生率+59.2%

ダンスSPレッスン終了時、ダンス上昇+7

スキルカード削除時、ダンス上昇+4

イベントによるパラメータ上昇+50%","ダンスパラメータボーナス+4.9%

ダンスSPレッスン発生率+21%

レッスンサポート発生率+69.4%

ダンスSPレッスン終了時、ダンス上昇+7

スキルカード削除時、ダンス上昇+4

イベントによるパラメータ上昇+50%","ダンスパラメータボーナス+5.4%

ダンスSPレッスン発生率+21%

レッスンサポート発生率+79.6%

ダンスSPレッスン終了時、ダンス上昇+7

スキルカード削除時、ダンス上昇+4

イベントによるパラメータ上昇+75%","ダンスパラメータボーナス+5.9%

ダンスSPレッスン発生率+21%

レッスンサポート発生率+89.8%

ダンスSPレッスン終了時、ダンス上昇+7

スキルカード削除時、ダンス上昇+8

イベントによるパラメータ上昇+75%","ダンスパラメータボーナス+6.4%

ダンスSPレッスン発生率+21%

レッスンサポート発生率+100.0%

ダンスSPレッスン終了時、ダンス上昇+13

スキルカード削除時、ダンス上昇+8

イベントによるパラメータ上昇+100%"
似合うんじゃない？,logic,Da,174,item,いじっぱりバルーン,Daターン ターン開始時 好印象が3以上の場合 やる気+3（レッスン内2回）,,,40,ランダムカード強化,,8.5,,初期Pポイント+40,DaSP終了時Da+17,お出かけ終了時Da+15,17,,,,,,,,,,,,15,,,,,,,,,,,,,,,,,,,,,,,,,,,,,,,,,,,,,,,,,,"ダンスレッスンボーナス+6.5%

初期Pポイント+30

レッスンサポート発生率+66.1%

ダンスSPレッスン終了時、ダンス上昇+13

お出かけ終了時、ダンス上昇+11

イベントによるパラメータ上昇+50%","ダンスレッスンボーナス+7.0%

初期Pポイント+30

レッスンサポート発生率+74.6%

ダンスSPレッスン終了時、ダンス上昇+13

お出かけ終了時、ダンス上昇+11

イベントによるパラメータ上昇+50%","ダンスレッスンボーナス+7.5%

初期Pポイント+30

レッスンサポート発生率+83.1%

ダンスSPレッスン終了時、ダンス上昇+13

お出かけ終了時、ダンス上昇+11

イベントによるパラメータ上昇+75%","ダンスレッスンボーナス+8.0%

初期Pポイント+40

レッスンサポート発生率+91.5%

ダンスSPレッスン終了時、ダンス上昇+13

お出かけ終了時、ダンス上昇+11

イベントによるパラメータ上昇+75%","ダンスレッスンボーナス+8.5%

初期Pポイント+40

レッスンサポート発生率+100.0%

ダンスSPレッスン終了時、ダンス上昇+17

お出かけ終了時、ダンス上昇+15

イベントによるパラメータ上昇+100%"
マイペース、マイライフ,free,Vo,72,item,一緒にお昼寝ポプリ,Voレッスン終了時 体力50％以上の場合 Vo+13,13,Voレス終了時,30,--,49,,,初期Pポイント+30,Voレス終了時Vo+4,相談選択時Vo+14,,,,4,,,,,,,,,,14,,,,,,,,,,,,,,,,,,,,,,,,,,,,,,,,,,,,,,,,,"初期ボーカル上昇+37

初期Pポイント+15

レッスンサポート発生率+59.2%

ボーカルレッスン終了時、ボーカル上昇+2

相談選択時、ボーカル上昇+7

イベントによるパラメータ上昇+50%","初期ボーカル上昇+40

初期Pポイント+30

レッスンサポート発生率+69.4%

ボーカルレッスン終了時、ボーカル上昇+2

相談選択時、ボーカル上昇+7

イベントによるパラメータ上昇+50%","初期ボーカル上昇+43

初期Pポイント+30

レッスンサポート発生率+79.6%

ボーカルレッスン終了時、ボーカル上昇+2

相談選択時、ボーカル上昇+7

イベントによるパラメータ上昇+75%","初期ボーカル上昇+46

初期Pポイント+30

レッスンサポート発生率+89.8%

ボーカルレッスン終了時、ボーカル上昇+2

相談選択時、ボーカル上昇+14

イベントによるパラメータ上昇+75%","初期ボーカル上昇+49

初期Pポイント+30

レッスンサポート発生率+100.0%

ボーカルレッスン終了時、ボーカル上昇+4

相談選択時、ボーカル上昇+14

イベントによるパラメータ上昇+100%"
実食！例のSSD,free,Da,191,item,例のSSDの秘密,Daレッスン終了時 体力50％以上の場合 Da+13,13,Daレス終了時,30,--,49,,,DaSP終了時体力回復5,Daレス終了時Da+4,相談選択時Da+14,,,,,4,,,,,,,,,14,,,,,,,,,,,,,,,,,,,,,,,,,,,,,,,,,,,,,,,,,"初期ダンス上昇+37

ダンスSPレッスン終了時、体力回復3

レッスンサポート発生率+59.2%

ダンスレッスン終了時、ダンス上昇+2

相談選択時、ダンス上昇+7

イベントによるパラメータ上昇+50%","初期ダンス上昇+40

ダンスSPレッスン終了時、体力回復5

レッスンサポート発生率+69.4%

ダンスレッスン終了時、ダンス上昇+2

相談選択時、ダンス上昇+7

イベントによるパラメータ上昇+50%","初期ダンス上昇+43

ダンスSPレッスン終了時、体力回復5

レッスンサポート発生率+79.6%

ダンスレッスン終了時、ダンス上昇+2

相談選択時、ダンス上昇+7

イベントによるパラメータ上昇+75%","初期ダンス上昇+46

ダンスSPレッスン終了時、体力回復5

レッスンサポート発生率+89.8%

ダンスレッスン終了時、ダンス上昇+2

相談選択時、ダンス上昇+14

イベントによるパラメータ上昇+75%","初期ダンス上昇+49

ダンスSPレッスン終了時、体力回復5

レッスンサポート発生率+100.0%

ダンスレッスン終了時、ダンス上昇+4

相談選択時、ダンス上昇+14

イベントによるパラメータ上昇+100%"
思惑とガクガク,free,Vi,89,item,私が見つけた逸材メモ,Viレッスン終了時 体力50％以上の場合 Vi+13,13,Viレス終了時,30,--,49,,,初期Pポイント+30,Viレス終了時Vi+4,相談選択時Vi+14,,,,,,4,,,,,,,,14,,,,,,,,,,,,,,,,,,,,,,,,,,,,,,,,,,,,,,,,,"初期ビジュアル上昇+37

初期Pポイント+15

レッスンサポート発生率+59.2%

ビジュアルレッスン終了時、ビジュアル上昇+2

相談選択時、ビジュアル上昇+7

イベントによるパラメータ上昇+50%","初期ビジュアル上昇+40

初期Pポイント+30

レッスンサポート発生率+69.4%

ビジュアルレッスン終了時、ビジュアル上昇+2

相談選択時、ビジュアル上昇+7

イベントによるパラメータ上昇+50%","初期ビジュアル上昇+43

初期Pポイント+30

レッスンサポート発生率+79.6%

ビジュアルレッスン終了時、ビジュアル上昇+2

相談選択時、ビジュアル上昇+7

イベントによるパラメータ上昇+75%","初期ビジュアル上昇+46

初期Pポイント+30

レッスンサポート発生率+89.8%

ビジュアルレッスン終了時、ビジュアル上昇+2

相談選択時、ビジュアル上昇+14

イベントによるパラメータ上昇+75%","初期ビジュアル上昇+49

初期Pポイント+30

レッスンサポート発生率+100.0%

ビジュアルレッスン終了時、ビジュアル上昇+4

相談選択時、ビジュアル上昇+14

イベントによるパラメータ上昇+100%"
あたしの勝ち、ですね〜！,anomaly,Vi,245,skill_card,せーのでぱくっ！,体力-6 強気に変更 全力値+3 パラメータ+3（2回） 温存の場合、スキルカードを引く,,,40,ランダムカード強化,65,,,ViSP率+28％,活動支給差し入れ選択時Vi+17,スキル（SSR）獲得時Vi+6,,,,,,,,,,,17,,,,,,,,,,6,,,,,,,,,,,,,,,,,,,,,,,,,,,,,,,,,28,"初期ビジュアル上昇+52

ビジュアルSPレッスン発生率+21%

レッスンサポート発生率+66.1%

活動支給・差し入れ選択時、ビジュアル上昇+12

スキルカード（SSR）獲得時、ビジュアル上昇+5

イベントによるパラメータ上昇+50%","初期ビジュアル上昇+55

ビジュアルSPレッスン発生率+21%

レッスンサポート発生率+74.6%

活動支給・差し入れ選択時、ビジュアル上昇+12

スキルカード（SSR）獲得時、ビジュアル上昇+5

イベントによるパラメータ上昇+75%","初期ビジュアル上昇+59

ビジュアルSPレッスン発生率+28%

レッスンサポート発生率+83.1%

活動支給・差し入れ選択時、ビジュアル上昇+12

スキルカード（SSR）獲得時、ビジュアル上昇+5

イベントによるパラメータ上昇+75%","初期ビジュアル上昇+62

ビジュアルSPレッスン発生率+28%

レッスンサポート発生率+91.5%

活動支給・差し入れ選択時、ビジュアル上昇+17

スキルカード（SSR）獲得時、ビジュアル上昇+5

イベントによるパラメータ上昇+75%","初期ビジュアル上昇+65

ビジュアルSPレッスン発生率+28%

レッスンサポート発生率+100%

活動支給・差し入れ選択時、ビジュアル上昇+17

スキルカード（SSR）獲得時、ビジュアル上昇+6

イベントによるパラメータ上昇+100%"
あなたとふたり、電車で,anomaly,Vo,244,skill_card,ガタゴトすやすや,体力-1 温存の場合、使用可 強気に変更 パラメータ+11 手札をすべて入れ替える（レッスン中1回）,,,40,ランダムカード強化,65,,,VoSP率+28％,SP終了時デッキ20枚以上Vo+21（4回のみ）,スキル（SSR）獲得時Vo+6,,,,,,,,,,21,,,,,,,,,,,6,,,,,,,,,,,,,,,,,,,,,,,,,,,,,,,28,,,,,,,
お近づきの印☆,anomaly,Vo,92,item,ほくほくハンバーガー,温存効果カード獲得時 Vo700以上の場合 Vo+20 スキルカードを選択して強化（プロデュース中1回）,20,,30,--,,6.4,,VoSP率+21％,VoSP終了時Vo+13,相談選択時Vo+14,,,13,,,,,,,,,,,14,,,,,,,,,,,,,,,,,,,,,,,,,,,,,,,,,,,,,,21,,,"ボーカルパラメータボーナス+4.4%

ボーカルSPレッスン発生率+10.5%

レッスンサポート発生率+59.2%

ボーカルSPレッスン終了時、ボーカル上昇+7

相談選択時、ボーカル上昇+7

イベントによるパラメータ上昇+50%","ボーカルパラメータボーナス+4.9%

ボーカルSPレッスン発生率+21%

レッスンサポート発生率+69.4%

ボーカルSPレッスン終了時、ボーカル上昇+7

相談選択時、ボーカル上昇+7

イベントによるパラメータ上昇+50%","ボーカルパラメータボーナス+5.4%

ボーカルSPレッスン発生率+21%

レッスンサポート発生率+79.6%

ボーカルSPレッスン終了時、ボーカル上昇+7

相談選択時、ボーカル上昇+7

イベントによるパラメータ上昇+75%","ボーカルパラメータボーナス+5.9%

ボーカルSPレッスン発生率+21%

レッスンサポート発生率+89.8%

ボーカルSPレッスン終了時、ボーカル上昇+13

相談選択時、ボーカル上昇+14

イベントによるパラメータ上昇+75%","ボーカルパラメータボーナス+6.4%

ボーカルSPレッスン発生率+21%

レッスンサポート発生率+100%

ボーカルSPレッスン終了時、ボーカル上昇+13

相談選択時、ボーカル上昇+14

イベントによるパラメータ上昇+100%"
今日は見学なんです,free,Da,224,item,おさぼりタオル,Daターン ターン開始時、固定元気+4 次のターン、低下状態無効1回（レッスン中1回）,,,30,--,,6.4,,メンタル削除時Da+16（3回のみ）,DaSP終了時Da+13,活動支給差し入れ選択時Da+11,13,,,,,,,,,,11,,,,,,,,,,,,,,,,16,,,,,,,,,,,,,,,,,,,,,,,,,,,,"ダンスパラメータボーナス+4.4%

メンタルスキルカード削除時、ダンス上昇+8(プロデュース中3回)

レッスンサポート発生率+59.2%

ダンスSPレッスン終了時、ダンス上昇+7

活動支給・差し入れ選択時、ダンス上昇+6

イベントによるパラメータ上昇+50%","ダンスパラメータボーナス+4.9%

メンタルスキルカード削除時、ダンス上昇+16(プロデュース中3回)

レッスンサポート発生率+69.4%

ダンスSPレッスン終了時、ダンス上昇+7

活動支給・差し入れ選択時、ダンス上昇+6

イベントによるパラメータ上昇+50%","ダンスパラメータボーナス+5.4%

メンタルスキルカード削除時、ダンス上昇+16(プロデュース中3回)

レッスンサポート発生率+79.6%

ダンスSPレッスン終了時、ダンス上昇+7

活動支給・差し入れ選択時、ダンス上昇+6

イベントによるパラメータ上昇+75%","ダンスパラメータボーナス+5.9%

メンタルスキルカード削除時、ダンス上昇+16(プロデュース中3回)

レッスンサポート発生率+89.8%

ダンスSPレッスン終了時、ダンス上昇+7

活動支給・差し入れ選択時、ダンス上昇+11

イベントによるパラメータ上昇+75%","ダンスパラメータボーナス+6.4%

メンタルスキルカード削除時、ダンス上昇+16(プロデュース中3回)

レッスンサポート発生率+100.0%

ダンスSPレッスン終了時、ダンス上昇+13

活動支給・差し入れ選択時、ダンス上昇+11

イベントによるパラメータ上昇+100%"
おでん、通りま〜すッ！,anomaly,Vi,215,skill_card,あつあつはふはふ,体力-6 全力値+1 以降4回までターン終了時全力の場合パラ+3（累積全力値150%分増加）（レッスン中1回）,,,40,ランダムカード強化,,8.5,,スキル（SSR）獲得時Vi+6,ViSP終了時Vi+17,お出かけ終了時Vi+38（2回のみ）,,17,,,,,,,,,,,,,,,,,,,6,,,,,,,,,,,,,,,,,,,,,,,,,,,,,38,,,,,,,,,
ｖギャルピーーースッｖ,anomaly,Vo,191,item,しぼまない思い出,Voターン 指針を変更した回数が4回以上の場合 パラメータ上昇量増加25%（1ターン） 元気+8（レッスン内2回）,,,40,ランダムカード強化,65,,,VoSP率+28％,活動支給差し入れ選択時Vo+17,スキル削除時Vo+11,,,,,,,,,,,17,,,,,,,,11,,,,,,,,,,,,,,,,,,,,,,,,,,,,,,,,,28,,,"初期ボーカル上昇+52

ボーカルSPレッスン発生率+21%

レッスンサポート発生率+66.1%

活動支給・差し入れ選択時、ボーカル上昇+12

スキルカード削除時、ボーカル上昇+8

イベントによるパラメータ上昇+50%","初期ボーカル上昇+55

ボーカルSPレッスン発生率+21%

レッスンサポート発生率+74.6%

活動支給・差し入れ選択時、ボーカル上昇+12

スキルカード削除時、ボーカル上昇+8

イベントによるパラメータ上昇+75%","初期ボーカル上昇+59

ボーカルSPレッスン発生率+28%

レッスンサポート発生率+83.1%

活動支給・差し入れ選択時、ボーカル上昇+12

スキルカード削除時、ボーカル上昇+8

イベントによるパラメータ上昇+75%","初期ボーカル上昇+62

ボーカルSPレッスン発生率+28%

レッスンサポート発生率+91.5%

活動支給・差し入れ選択時、ボーカル上昇+17

スキルカード削除時、ボーカル上昇+8

イベントによるパラメータ上昇+75%","初期ボーカル上昇+65

ボーカルSPレッスン発生率+28%

レッスンサポート発生率+100%

活動支給・差し入れ選択時、ボーカル上昇+17

スキルカード削除時、ボーカル上昇+11

イベントによるパラメータ上昇+100%"
推し活なひととき、だね！,logic,Vi,231,item,おとものミミズク,活動支給・差し入れ選択時 Vi700以上の場合 ランダムなスキルカードを強化 体力回復4（プロデュース中2回）,,,40,ランダムカード強化,,8.5,,好印象カード獲得時Vi+4,スキルカスタム時Vi+11（6回のみ）,活動支給差し入れ選択時Vi+17,,,,,,,,,,,17,,,,,,,,,,,,11,,,,,,,,4,,,,,,,,,,,,,,,,,,,,,,,,"ビジュアルパラメータボーナス+6.5%

好印象効果のスキルカード獲得時、ビジュアル上昇+3

レッスンサポート発生率+66.1%

スキルカードカスタマイズ時、ビジュアル上昇+8(プロデュース中6回)

活動支給・差し入れ選択時、ビジュアル上昇+12

イベントによるパラメータ上昇+50%","ビジュアルパラメータボーナス+7.0%

好印象効果のスキルカード獲得時、ビジュアル上昇+3

レッスンサポート発生率+74.6%

スキルカードカスタマイズ時、ビジュアル上昇+8(プロデュース中6回)

活動支給・差し入れ選択時、ビジュアル上昇+12

イベントによるパラメータ上昇+75%","ビジュアルパラメータボーナス+7.5%

好印象効果のスキルカード獲得時、ビジュアル上昇+4

レッスンサポート発生率+83.1%

スキルカードカスタマイズ時、ビジュアル上昇+8(プロデュース中6回)

活動支給・差し入れ選択時、ビジュアル上昇+12

イベントによるパラメータ上昇+75%","ビジュアルパラメータボーナス+8.0%

好印象効果のスキルカード獲得時、ビジュアル上昇+4

レッスンサポート発生率+91.5%

スキルカードカスタマイズ時、ビジュアル上昇+11(プロデュース中6回)

活動支給・差し入れ選択時、ビジュアル上昇+12

イベントによるパラメータ上昇+75%","ビジュアルパラメータボーナス+8.5%

好印象効果のスキルカード獲得時、ビジュアル上昇+4

レッスンサポート発生率+100.0%

スキルカードカスタマイズ時、ビジュアル上昇+11(プロデュース中6回)

活動支給・差し入れ選択時、ビジュアル上昇+17

イベントによるパラメータ上昇+100%"
私たちも成長していくぞ！,free,As,190,item,夢の手助け,特別指導開始時、Pポイントが200以上の場合、Pポイント+70（プロデュース中1回）,,,Pポイント+40,ランダムカード強化,,,すべてのSP率+28％,活動支給差し入れ選択時Vi+38（2回のみ）,相談選択時Vo+38（2回のみ）,お出かけ終了時Da+38（2回のみ）,,,,,,,,,,,,,,,,,,,,,,,,,,,,,,,,,,,,,,,,,,,,,,,,38,38,38,,,,,,,,,
きゅる〜んωポーズッ☆,logic,Da,215,item,カワイイのつくり方,やる気効果カード獲得時 Da+6,6,やる気カード獲得時,30,--,49,,,DaSP率+21％,DaSP終了時Da+13,試験・オデ終了時Da+17（2回のみ）,13,,,,,,,,,,,,,,,,17,,,,,,,,,,,,,,,,,,,,,,,,,,,,,,,,,,,,21,,"初期ダンス上昇+37

ダンスSPレッスン発生率+10.5%

レッスンサポート発生率+59.2%

ダンスSPレッスン終了時、ダンス上昇+7

試験・オーディション終了時、ダンス上昇+9（プロデュース中2回）

イベントによるパラメータ上昇+50%","初期ダンス上昇+40

ダンスSPレッスン発生率+21%

レッスンサポート発生率+69.4%

ダンスSPレッスン終了時、ダンス上昇+7

試験・オーディション終了時、ダンス上昇+9（プロデュース中2回）

イベントによるパラメータ上昇+50%","初期ダンス上昇+43

ダンスSPレッスン発生率+21%

レッスンサポート発生率+79.6%

ダンスSPレッスン終了時、ダンス上昇+7

試験・オーディション終了時、ダンス上昇+9（プロデュース中2回）

イベントによるパラメータ上昇+75%","初期ダンス上昇+46

ダンスSPレッスン発生率+21%

レッスンサポート発生率+89.8%

ダンスSPレッスン終了時、ダンス上昇+7

試験・オーディション終了時、ダンス上昇+17（プロデュース中2回）

イベントによるパラメータ上昇+75%","初期ダンス上昇+49

ダンスSPレッスン発生率+21%

レッスンサポート発生率+100.0%

ダンスSPレッスン終了時、ダンス上昇+13

試験・オーディション終了時、ダンス上昇+17（プロデュース中2回）

イベントによるパラメータ上昇+100%"
あん・どぅ・とろわっ！,anomaly,Da,211,item,のびのびバンド,強気効果カード獲得時 ダンス上昇+6,6,強気カード獲得時,30,--,49,,,DaSP率+21％,DaSP終了時Da+13,スキル強化時Da+3,13,,,,,,,,,,,,,,,,,,,3,,,,,,,,,,,,,,,,,,,,,,,,,,,,,,,,,21,,"初期ダンス上昇+37

ダンスSPレッスン発生率+10.5%

レッスンサポート発生率+59.2%

ダンスSPレッスン終了時、ダンス上昇+7

スキルカード強化時、ダンス上昇+2

イベントによるパラメータ上昇+50%","初期ダンス上昇+40

ダンスSPレッスン発生率+21%

レッスンサポート発生率+69.4%

ダンスSPレッスン終了時、ダンス上昇+7

スキルカード強化時、ダンス上昇+2

イベントによるパラメータ上昇+50%","初期ダンス上昇+43

ダンスSPレッスン発生率+21%

レッスンサポート発生率+79.6%

ダンスSPレッスン終了時、ダンス上昇+7

スキルカード強化時、ダンス上昇+2

イベントによるパラメータ上昇+75%","初期ダンス上昇+46

ダンスSPレッスン発生率+21%

レッスンサポート発生率+89.8%

ダンスSPレッスン終了時、ダンス上昇+7

スキルカード強化時、ダンス上昇+3

イベントによるパラメータ上昇+75%","初期ダンス上昇+49

ダンスSPレッスン発生率+21%

レッスンサポート発生率+100.0%

ダンスSPレッスン終了時、ダンス上昇+13

スキルカード強化時、ダンス上昇+3

イベントによるパラメータ上昇+100%"
おひさま笑顔、満開ふたつ,anomaly,Da,170,item,そっくりワンワン,温存効果カード獲得時 Da700以上の場合 Da+20 ランダムなPドリンクを獲得（プロデュース中2回）,40,,30,--,49,,,特別指導開始時Da+18（3回のみ）,試験・オデ終了時Da+17（2回のみ）,Pアイテム獲得時Da+11（6回のみ）,,,,,,,,,,,,,,,,,17,18,,,,,,,,,,,,,,,,,,,11,,,,,,,,,,,,,,,,,,"初期ダンス上昇+37

特別指導開始時、ダンス上昇+9（プロデュース中3回）

レッスンサポート発生率+59.2%

試験・オーディション終了時、ダンス上昇+9（プロデュース中2回）

Pアイテム獲得時、ダンス上昇+6（プロデュース中6回）

イベントによるパラメータ上昇+50%","初期ダンス上昇+40

特別指導開始時、ダンス上昇+18（プロデュース中3回）

レッスンサポート発生率+69.4%

試験・オーディション終了時、ダンス上昇+9（プロデュース中2回）

Pアイテム獲得時、ダンス上昇+6（プロデュース中6回）

イベントによるパラメータ上昇+50%","初期ダンス上昇+43

特別指導開始時、ダンス上昇+18（プロデュース中3回）

レッスンサポート発生率+79.6%

試験・オーディション終了時、ダンス上昇+9（プロデュース中2回）

Pアイテム獲得時、ダンス上昇+6（プロデュース中6回）

イベントによるパラメータ上昇+75%","初期ダンス上昇+46

特別指導開始時、ダンス上昇+18（プロデュース中3回）

レッスンサポート発生率+89.8%

試験・オーディション終了時、ダンス上昇+9（プロデュース中2回）

Pアイテム獲得時、ダンス上昇+11（プロデュース中6回）

イベントによるパラメータ上昇+75%","初期ダンス上昇+49

特別指導開始時、ダンス上昇+18（プロデュース中3回）

レッスンサポート発生率+100%

試験・オーディション終了時、ダンス上昇+17（プロデュース中2回）

Pアイテム獲得時、ダンス上昇+11（プロデュース中6回）

イベントによるパラメータ上昇+100%"
眠れる森の王子様,sense,Vo,138,item,おひるねブランケット,集中効果のスキルカード獲得時 Vo700以上の場合 体力回復5 Pポイント+20（プロデュース中2回）,,,30,--,,6.4,,SP終了時デッキ20枚以上Vo+15（4回のみ）,スキル削除時Vo+8,特別指導開始時Vo+18（3回のみ）,,,,,,,,,,15,,,,,,,,18,8,,,,,,,,,,,,,,,,,,,,,,,,,,,,,,,,,,,,"ボーカルパラメータボーナス+4.4%

SPレッスン終了時、所持スキルカードが20枚以上の場合、

ボーカル上昇+8（プロデュース中4回）

レッスンサポート発生率+59.2%

スキルカード削除時、ボーカル上昇+4

特別指導開始時、ボーカル上昇+9（プロデュース中3回）

イベントによるパラメータ上昇+50%","ボーカルパラメータボーナス+4.9%

SPレッスン終了時、所持スキルカードが20枚以上の場合、

ボーカル上昇+15（プロデュース中4回）

レッスンサポート発生率+69.4%

スキルカード削除時、ボーカル上昇+4

特別指導開始時、ボーカル上昇+9（プロデュース中3回）

イベントによるパラメータ上昇+50%","ボーカルパラメータボーナス+5.4%

SPレッスン終了時、所持スキルカードが20枚以上の場合、

ボーカル上昇+15（プロデュース中4回）

レッスンサポート発生率+79.6%

スキルカード削除時、ボーカル上昇+4

特別指導開始時、ボーカル上昇+9（プロデュース中3回）

イベントによるパラメータ上昇+75%","ボーカルパラメータボーナス+5.9%

SPレッスン終了時、所持スキルカードが20枚以上の場合、

ボーカル上昇+15（プロデュース中4回）

レッスンサポート発生率+89.8%

スキルカード削除時、ボーカル上昇+4

特別指導開始時、ボーカル上昇+18（プロデュース中3回）

イベントによるパラメータ上昇+75%","ボーカルパラメータボーナス+6.4%

SPレッスン終了時、所持スキルカードが20枚以上の場合、

ボーカル上昇+15（プロデュース中4回）

レッスンサポート発生率+100%

スキルカード削除時、ボーカル上昇+8

特別指導開始時、ボーカル上昇+18（プロデュース中3回）

イベントによるパラメータ上昇+100%"
あなたたちのことが好き,logic,Da,204,item,ゆうじょーのきろく,好印象効果カード獲得時 Da700以上の場合 スキルカードを選択して強化（プロデュース中2回）,,,40,ランダムカード強化,65,,,DaSP率+28％,DaSP終了時Da+17,メンタル強化時Da+9,17,,,,,,,,,,,,,,,,,,,,,,,,,9,,,,,,,,,,,,,,,,,,,,,,,,,,,28,,"初期ダンス上昇+52

ダンスSPレッスン発生率+21%

レッスンサポート発生率+66.1%

ダンスSPレッスン終了時、ダンス上昇+13

メンタルスキルカード強化時、ダンス上昇+7

イベントによるパラメータ上昇+50%","初期ダンス上昇+55

ダンスSPレッスン発生率+21%

レッスンサポート発生率+74.6%

ダンスSPレッスン終了時、ダンス上昇+13

メンタルスキルカード強化時、ダンス上昇+7

イベントによるパラメータ上昇+75%","初期ダンス上昇+59

ダンスSPレッスン発生率+28%

レッスンサポート発生率+83.1%

ダンスSPレッスン終了時、ダンス上昇+13

メンタルスキルカード強化時、ダンス上昇+7

イベントによるパラメータ上昇+75%","初期ダンス上昇+62

ダンスSPレッスン発生率+28%

レッスンサポート発生率+91.5%

ダンスSPレッスン終了時、ダンス上昇+17

メンタルスキルカード強化時、ダンス上昇+7

イベントによるパラメータ上昇+75%","初期ダンス上昇+65

ダンスSPレッスン発生率+28%

レッスンサポート発生率+100.0%

ダンスSPレッスン終了時、ダンス上昇+17

メンタルスキルカード強化時、ダンス上昇+9

イベントによるパラメータ上昇+100%"
まだ上がりませんように！,free,Vo,85,skill_card,みずたまりスキップ,体力消費1 元気+3 カード使用数+1,,,40,ランダムカード強化,,8.5,,初期Pポイント+40,VoSP終了時Vo+17,メンタル強化時Vo+9,,,17,,,,,,,,,,,,,,,,,,,,,,,9,,,,,,,,,,,,,,,,,,,,,,,,,,,,,"ボーカルレッスンボーナス+6.5%

初期Pポイント+30

レッスンサポート発生率+66.1%

ボーカルSPレッスン終了時、ボーカル上昇+13

メンタルスキルカード強化時、ボーカル上昇+7

イベントによるパラメータ上昇+50%","ボーカルレッスンボーナス+7.0%

初期Pポイント+30

レッスンサポート発生率+74.6%

ボーカルSPレッスン終了時、ボーカル上昇+13

メンタルスキルカード強化時、ボーカル上昇+7

イベントによるパラメータ上昇+75%","ボーカルレッスンボーナス+7.5%

初期Pポイント+40

レッスンサポート発生率+83.1%

ボーカルSPレッスン終了時、ボーカル上昇+13

メンタルスキルカード強化時、ボーカル上昇+7

イベントによるパラメータ上昇+75%","ボーカルレッスンボーナス+8.0%

初期Pポイント+40

レッスンサポート発生率+91.5%

ボーカルSPレッスン終了時、ボーカル上昇+17

メンタルスキルカード強化時、ボーカル上昇+7

イベントによるパラメータ上昇+75%","ボーカルレッスンボーナス+8.5%

初期Pポイント+40

レッスンサポート発生率+100.0%

ボーカルSPレッスン終了時、ボーカル上昇+17

メンタルスキルカード強化時、ボーカル上昇+9

イベントによるパラメータ上昇+100%"
もうっ！　冷たいよ！,logic,Da,203,item,負けず嫌いの勲章,Daターン やる気の50％分 パラメータ上昇,,,40,ランダムカード強化,65,,,DaSP率+28％,DaSP終了時Da+17,試験・オデ終了時Da+22（2回のみ）,17,,,,,,,,,,,,,,,,22,,,,,,,,,,,,,,,,,,,,,,,,,,,,,,,,,,,,28,,"初期ダンス上昇+52

ダンスSPレッスン発生率+21%

レッスンサポート発生率+66.1%

ダンスSPレッスン終了時、ダンス上昇+13

試験・オーディション終了時、ダンス上昇+17（プロデュース中2回）

イベントによるパラメータ上昇+50%","初期ダンス上昇+55

ダンスSPレッスン発生率+21%

レッスンサポート発生率+74.6%

ダンスSPレッスン終了時、ダンス上昇+13

試験・オーディション終了時、ダンス上昇+17（プロデュース中2回）

イベントによるパラメータ上昇+75%","初期ダンス上昇+59

ダンスSPレッスン発生率+28%

レッスンサポート発生率+83.1%

ダンスSPレッスン終了時、ダンス上昇+13

試験・オーディション終了時、ダンス上昇+17（プロデュース中2回）

イベントによるパラメータ上昇+75%","初期ダンス上昇+62

ダンスSPレッスン発生率+28%

レッスンサポート発生率+91.5%

ダンスSPレッスン終了時、ダンス上昇+17

試験・オーディション終了時、ダンス上昇+17（プロデュース中2回）

イベントによるパラメータ上昇+75%","初期ダンス上昇+65

ダンスSPレッスン発生率+28%

レッスンサポート発生率+100.0%

ダンスSPレッスン終了時、ダンス上昇+17

試験・オーディション終了時、ダンス上昇+22（プロデュース中2回）

イベントによるパラメータ上昇+100%"
カロリー/2でハッピー×2,free,Da,206,item,ほっこりはんぶんこ,相談選択時 Da700以上の場合 ランダム強化 Pポイント+50（プロデュース中1回）,,,30,--,49,,,スキル強化時Da+3,DaSP終了時Da+13,活動支給差し入れ選択時Da+11,13,,,,,,,,,,11,,,,,,,,,3,,,,,,,,,,,,,,,,,,,,,,,,,,,,,,,,,,,"初期ダンス上昇+37

スキルカード強化時、ダンス上昇+2

レッスンサポート発生率+59.2%

ダンスSPレッスン終了時、ダンス上昇+7

活動支給・差し入れ選択時、ダンス上昇+6

イベントによるパラメータ上昇+50%","初期ダンス上昇+40

スキルカード強化時、ダンス上昇+2

レッスンサポート発生率+69.4%

ダンスSPレッスン終了時、ダンス上昇+7

活動支給・差し入れ選択時、ダンス上昇+6

イベントによるパラメータ上昇+50%","初期ダンス上昇+43

スキルカード強化時、ダンス上昇+3

レッスンサポート発生率+79.6%

ダンスSPレッスン終了時、ダンス上昇+7

活動支給・差し入れ選択時、ダンス上昇+6

イベントによるパラメータ上昇+75%","初期ダンス上昇+46

スキルカード強化時、ダンス上昇+3

レッスンサポート発生率+89.8%

ダンスSPレッスン終了時、ダンス上昇+7

活動支給・差し入れ選択時、ダンス上昇+11

イベントによるパラメータ上昇+75%","初期ダンス上昇+49

スキルカード強化時、ダンス上昇+3

レッスンサポート発生率+100.0%

ダンスSPレッスン終了時、ダンス上昇+13

活動支給・差し入れ選択時、ダンス上昇+11

イベントによるパラメータ上昇+100%"
バズっちゃお！,logic,Da,137,skill_card,こうかい……？,体力-4 好印象+3 好印象の90%分のパラメータ上昇,,,30,--,49,,,相談選択時Da+14,お出かけ終了時Da+10,活動支給差し入れ選択時Da+11,,,,,,,,,,,11,,10,14,,,,,,,,,,,,,,,,,,,,,,,,,,,,,,,,,,,,,,,,,"初期ダンス上昇+37

相談選択時、ダンス上昇+7

レッスンサポート発生率+59.2%

お出かけ終了時、ダンス上昇+5

活動支給・差し入れ選択時、ダンス上昇+6

イベントによるパラメータ上昇+50%","初期ダンス上昇+40

相談選択時、ダンス上昇+14

レッスンサポート発生率+69.4%

お出かけ終了時、ダンス上昇+5

活動支給・差し入れ選択時、ダンス上昇+6

イベントによるパラメータ上昇+50%","初期ダンス上昇+43

相談選択時、ダンス上昇+14

レッスンサポート発生率+79.6%

お出かけ終了時、ダンス上昇+5

活動支給・差し入れ選択時、ダンス上昇+6

イベントによるパラメータ上昇+75%","初期ダンス上昇+46

相談選択時、ダンス上昇+14

レッスンサポート発生率+89.8%

お出かけ終了時、ダンス上昇+5

活動支給・差し入れ選択時、ダンス上昇+11

イベントによるパラメータ上昇+75%","初期ダンス上昇+49

相談選択時、ダンス上昇+14

レッスンサポート発生率+100.0%

お出かけ終了時、ダンス上昇+10

活動支給・差し入れ選択時、ダンス上昇+11

イベントによるパラメータ上昇+100%"
ピコピコでポーン,anomaly,Da,206,item,たたいてかぶって,【ダンスレッスン・ダンスターンのみ】ターン開始後、強気の場合、手札のコスト値減少-3（レッスン内1回）,,,30,--,,6.4,,温存カード獲得時Da+3,DaSP終了時Da+13,活動支給差し入れ選択時Da+11,13,,,,,,,,,,11,,,,,,,,,,,,,,,,,,,,,3,,,,,,,,,,,,,,,,,,,,,,,"ダンスパラメータボーナス+4.4%

温存効果のスキルカード獲得時、ダンス上昇+2

レッスンサポート発生率+59.2%

ダンスSPレッスン終了時、ダンス上昇+7

活動支給・差し入れ選択時、ダンス上昇+6

イベントによるパラメータ上昇+50%","ダンスパラメータボーナス+4.9%

温存効果のスキルカード獲得時、ダンス上昇+3

レッスンサポート発生率+69.4%

ダンスSPレッスン終了時、ダンス上昇+7

活動支給・差し入れ選択時、ダンス上昇+6

イベントによるパラメータ上昇+50%","ダンスパラメータボーナス+5.4%

温存効果のスキルカード獲得時、ダンス上昇+3

レッスンサポート発生率+79.6%

ダンスSPレッスン終了時、ダンス上昇+7

活動支給・差し入れ選択時、ダンス上昇+6

イベントによるパラメータ上昇+75%","ダンスパラメータボーナス+5.9%

温存効果のスキルカード獲得時、ダンス上昇+3

レッスンサポート発生率+89.8%

ダンスSPレッスン終了時、ダンス上昇+7

活動支給・差し入れ選択時、ダンス上昇+11

イベントによるパラメータ上昇+75%","ダンスパラメータボーナス+6.4%

温存効果のスキルカード獲得時、ダンス上昇+3

レッスンサポート発生率+100%

ダンスSPレッスン終了時、ダンス上昇+13

活動支給・差し入れ選択時、ダンス上昇+11

イベントによるパラメータ上昇+100%"
ディカプルエックスエル！,sense,Da,163,item,イケてるセーター,Daターン ターン開始時 集中1以上の場合 好調3ターン 集中減少1（レッスン内1回）,,,30,--,,6.4,,初期Pポイント+30,DaSP終了時Da+13,相談選択時Da+14,13,,,,,,,,,,,,,14,,,,,,,,,,,,,,,,,,,,,,,,,,,,,,,,,,,,,,,,,"ダンスレッスンボーナス+4.9%

初期Pポイント+30

レッスンサポート発生率+59.2%

ダンスSPレッスン終了時、ダンス上昇+7

相談選択時、ダンス上昇+7

イベントによるパラメータ上昇+50%","ダンスレッスンボーナス+5.4%

初期Pポイント+30

レッスンサポート発生率+69.4%

ダンスSPレッスン終了時、ダンス上昇+7

相談選択時、ダンス上昇+7

イベントによるパラメータ上昇+50%","ダンスレッスンボーナス+5.9%

初期Pポイント+30

レッスンサポート発生率+79.6%

ダンスSPレッスン終了時、ダンス上昇+7

相談選択時、ダンス上昇+7

イベントによるパラメータ上昇+75%","ダンスレッスンボーナス+6.4%

初期Pポイント+30

レッスンサポート発生率+89.8%

ダンスSPレッスン終了時、ダンス上昇+7

相談選択時、ダンス上昇+14

イベントによるパラメータ上昇+75%","ダンスレッスンボーナス+6.4%

初期Pポイント+30

レッスンサポート発生率+100.0%

ダンスSPレッスン終了時、ダンス上昇+13

相談選択時、ダンス上昇+14

イベントによるパラメータ上昇+100%"
これが私達の、3年間,free,Da,201,item,すごすぎるバトン,授業・営業終了時 Pポイント+20 体力回復2,,,40,ランダムカード強化,,8.5,,DaSP終了時体力回復7,DaSP終了時Da+17,授業営業終了時Da+7,17,,,,,,,,,,,7,,,,,,,,,,,,,,,,,,,,,,,,,,,,,,,,,,,,,,,,,,,"ダンスパラメータボーナス+6.5%

ダンスSPレッスン終了時、体力回復5

レッスンサポート発生率+66.1%

ダンスSPレッスン終了時、ダンス上昇+13

授業・営業終了時、ダンス上昇+5

イベントによるパラメータ上昇+50%","ダンスパラメータボーナス+7.0%

ダンスSPレッスン終了時、体力回復5

レッスンサポート発生率+74.6%

ダンスSPレッスン終了時、ダンス上昇+13

授業・営業終了時、ダンス上昇+5

イベントによるパラメータ上昇+50%","ダンスパラメータボーナス+7.5%

ダンスSPレッスン終了時、体力回復7

レッスンサポート発生率+83.1%

ダンスSPレッスン終了時、ダンス上昇+13

授業・営業終了時、ダンス上昇+5

イベントによるパラメータ上昇+75%","ダンスパラメータボーナス+8.0%

ダンスSPレッスン終了時、体力回復7

レッスンサポート発生率+91.5%

ダンスSPレッスン終了時、ダンス上昇+17

授業・営業終了時、ダンス上昇+5

イベントによるパラメータ上昇+75%","ダンスパラメータボーナス+8.5%

ダンスSPレッスン終了時、体力回復7

レッスンサポート発生率+100.0%

ダンスSPレッスン終了時、ダンス上昇+17

授業・営業終了時、ダンス上昇+7

イベントによるパラメータ上昇+100%"
もう一度、最初から！,sense,Vo,82,skill_card,練習再開！,体力-3 好調1ターン 手札をすべて入れ替える カード使用数+1,,,40,ランダムカード強化,,8.5,,VoSP率+28％,VoSP終了時Vo+17,授業営業終了時Vo+7,,,17,,,,,,,,,7,,,,,,,,,,,,,,,,,,,,,,,,,,,,,,,,,,,,,,,,28,,,"ボーカルパラメータボーナス+6.5%

ボーカルSPレッスン発生率+21%

レッスンサポート発生率+66.1%

ボーカルSPレッスン終了時、ボーカル上昇+13

授業・営業終了時、ボーカル上昇+5

イベントによるパラメータ上昇+50%","ボーカルパラメータボーナス+7.0%

ボーカルSPレッスン発生率+21%

レッスンサポート発生率+74.6%

ボーカルSPレッスン終了時、ボーカル上昇+13

授業・営業終了時、ボーカル上昇+5

イベントによるパラメータ上昇+50%","ボーカルパラメータボーナス+7.5%

ボーカルSPレッスン発生率+21%

レッスンサポート発生率+83.1%

ボーカルSPレッスン終了時、ボーカル上昇+13

授業・営業終了時、ボーカル上昇+5

イベントによるパラメータ上昇+75%","ボーカルパラメータボーナス+8.0%

ボーカルSPレッスン発生率+28%

レッスンサポート発生率+91.5%

ボーカルSPレッスン終了時、ボーカル上昇+13

授業・営業終了時、ボーカル上昇+5

イベントによるパラメータ上昇+75%","ボーカルパラメータボーナス+8.5%

ボーカルSPレッスン発生率+28%

レッスンサポート発生率+100.0%

ボーカルSPレッスン終了時、ボーカル上昇+17

授業・営業終了時、ボーカル上昇+7

イベントによるパラメータ上昇+100%"
おいしい顔、いただき〜！,free,Da,199,skill_card,心のアルバム,体力-0 パラメータ+3 元気+3 次のターン、カードを引く 2ターン後、カードを引く,,,40,ランダムカード強化,65,,,DaSP率+28％,DaSP終了時Da+17,スキル強化時Da+4,17,,,,,,,,,,,,,,,,,,,4,,,,,,,,,,,,,,,,,,,,,,,,,,,,,,,,,28,,"初期ダンス上昇+52

ダンスSPレッスン発生率+21%

レッスンサポート発生率+66.1%

ダンスSPレッスン終了時、ダンス上昇+13

スキルカード強化時、ダンス上昇+3

イベントによるパラメータ上昇+50%","初期ダンス上昇+55

ダンスSPレッスン発生率+21%

レッスンサポート発生率+74.6%

ダンスSPレッスン終了時、ダンス上昇+13

スキルカード強化時、ダンス上昇+3

イベントによるパラメータ上昇+75%","初期ダンス上昇+59

ダンスSPレッスン発生率+28%

レッスンサポート発生率+83.1%

ダンスSPレッスン終了時、ダンス上昇+13

スキルカード強化時、ダンス上昇+3

イベントによるパラメータ上昇+75%","初期ダンス上昇+62

ダンスSPレッスン発生率+28%

レッスンサポート発生率+91.5%

ダンスSPレッスン終了時、ダンス上昇+17

スキルカード強化時、ダンス上昇+3

イベントによるパラメータ上昇+75%","初期ダンス上昇+65

ダンスSPレッスン発生率+28%

レッスンサポート発生率+100.0%

ダンスSPレッスン終了時、ダンス上昇+17

スキルカード強化時、ダンス上昇+4

イベントによるパラメータ上昇+100%"
進化したお弁当、気になる,logic,Vi,232,item,咲季の完全食・改,ターン内カード2回使用時 好印象+2 好印象強化+25%（レッスン内1回）,,,40,ランダムカード強化,,8.5,,ViSP終了時Vi+17,Pアイテム獲得時Vi+15（6回のみ）,活動支給差し入れ選択時Vi+17,,17,,,,,,,,,17,,,,,,,,,,,,,,,,,,,,,,,,,,15,,,,,,,,,,,,,,,,,,,,,,
ガールズ?トーク,sense,Da,161,item,ギャルめいきんぐ！,好調効果のスキルカード強化時 Da700以上の場合 ランダムなスキルカードを強化（プロデュース中2回）,,,30,--,49,,,お出かけ終了時Da+10,DaSP終了時Da+13,メンタル強化時Da+6,13,,,,,,,,,,,,10,,,,,,,,,,,,,6,,,,,,,,,,,,,,,,,,,,,,,,,,,,,"初期ダンス上昇+37

お出かけ終了時、ダンス上昇+5

レッスンサポート発生率+59.2%

ダンスSPレッスン終了時、ダンス上昇+7

メンタルスキルカード強化時、ダンス上昇+4

イベントによるパラメータ上昇+50%","初期ダンス上昇+40

お出かけ終了時、ダンス上昇+5

レッスンサポート発生率+69.4%

ダンスSPレッスン終了時、ダンス上昇+7

メンタルスキルカード強化時、ダンス上昇+4

イベントによるパラメータ上昇+50%","初期ダンス上昇+43

お出かけ終了時、ダンス上昇+10

レッスンサポート発生率+79.6%

ダンスSPレッスン終了時、ダンス上昇+7

メンタルスキルカード強化時、ダンス上昇+4

イベントによるパラメータ上昇+75%","初期ダンス上昇+46

お出かけ終了時、ダンス上昇+10

レッスンサポート発生率+89.8%

ダンスSPレッスン終了時、ダンス上昇+7

メンタルスキルカード強化時、ダンス上昇+6

イベントによるパラメータ上昇+75%","初期ダンス上昇+49

お出かけ終了時、ダンス上昇+10

レッスンサポート発生率+100.0%

ダンスSPレッスン終了時、ダンス上昇+13

メンタルスキルカード強化時、ダンス上昇+6

イベントによるパラメータ上昇+100%"
仲良しの証,sense,Vi,156,item,迷子のゆくえ,集中効果カード獲得時 Vi400以上の場合 Vi+15 Pポイント+20（プロデュース中2回）,30,,30,--,49,,,Pアイテム獲得時Vi+11（6回のみ）,スキル強化時Vi+3,特別指導開始時Vi+18（3回のみ）,,,,,,,,,,,,,,,,,,18,,3,,,,,,,,,,,,,,,,,11,,,,,,,,,,,,,,,,,,"初期ビジュアル上昇+37

Pアイテム獲得時、ビジュアル上昇+6（プロデュース中6回）

レッスンサポート発生率+59.2%

スキルカード強化時、ビジュアル上昇+2

特別指導開始時、ビジュアル上昇+9（プロデュース中3回）

イベントによるパラメータ上昇+50%","初期ビジュアル上昇+40

Pアイテム獲得時、ビジュアル上昇+11（プロデュース中6回）

レッスンサポート発生率+69.4%

スキルカード強化時、ビジュアル上昇+2

特別指導開始時、ビジュアル上昇+9（プロデュース中3回）

イベントによるパラメータ上昇+50%","初期ビジュアル上昇+43

Pアイテム獲得時、ビジュアル上昇+11（プロデュース中6回）

レッスンサポート発生率+79.6%

スキルカード強化時、ビジュアル上昇+2

特別指導開始時、ビジュアル上昇+9（プロデュース中3回）

イベントによるパラメータ上昇+75%","初期ビジュアル上昇+46

Pアイテム獲得時、ビジュアル上昇+11（プロデュース中6回）

レッスンサポート発生率+89.8%

スキルカード強化時、ビジュアル上昇+2

特別指導開始時、ビジュアル上昇+18（プロデュース中3回）

イベントによるパラメータ上昇+75%","初期ビジュアル上昇+49

Pアイテム獲得時、ビジュアル上昇+11（プロデュース中6回）

レッスンサポート発生率+100%

スキルカード強化時、ビジュアル上昇+3

特別指導開始時、ビジュアル上昇+18（プロデュース中3回）

イベントによるパラメータ上昇+100%"
利用し合うのが友達！,free,Da,209,item,パワーをくれるモノ,授業・営業終了時 Da400以上の場合 Da+10 スキルカードを選択して異なるスキルカードにチェンジ（プロデュース中2回）,20,,40,ランダム「基本」チェンジ,65,,,試験・オデ終了時Da+22（2回のみ）,スキルチェンジ時Da+21（3回のみ）,授業営業終了時Da+7,,,,,,,,,,,,7,,,,,22,,,,,,,21,,,,,,,,,,,,,,,,,,,,,,,,,,,,,,,"初期ダンス上昇+52

試験・オーディション終了時、ダンス上昇+17（プロデュース中2回）

レッスンサポート発生率+66.1%

スキルカードチェンジ時、ダンス上昇+16(プロデュース中3回)

授業・営業終了時、ダンス上昇+5

イベントによるパラメータ上昇+50%","初期ダンス上昇+55

試験・オーディション終了時、ダンス上昇+17（プロデュース中2回）

レッスンサポート発生率+74.6%

スキルカードチェンジ時、ダンス上昇+16(プロデュース中3回)

授業・営業終了時、ダンス上昇+5

イベントによるパラメータ上昇+75%","初期ダンス上昇+59

試験・オーディション終了時、ダンス上昇+22（プロデュース中2回）

レッスンサポート発生率+83.1%

スキルカードチェンジ時、ダンス上昇+16(プロデュース中3回)

授業・営業終了時、ダンス上昇+5

イベントによるパラメータ上昇+75%","初期ダンス上昇+62

試験・オーディション終了時、ダンス上昇+22（プロデュース中2回）

レッスンサポート発生率+91.5%

スキルカードチェンジ時、ダンス上昇+21(プロデュース中3回)

授業・営業終了時、ダンス上昇+5

イベントによるパラメータ上昇+75%","初期ダンス上昇+65

試験・オーディション終了時、ダンス上昇+22（プロデュース中2回）

レッスンサポート発生率+100.0%

スキルカードチェンジ時、ダンス上昇+21(プロデュース中3回)

授業・営業終了時、ダンス上昇+7

イベントによるパラメータ上昇+100%"
あったか足ツボマッサージ,logic,Vo,136,item,激痛のちぽかぽか,好印象効果のカード獲得時 Vo700以上の場合 スキルカードを選択して削除 Pポイント+40（プロデュース中1回）,,,30,--,49,,,スキルカスタム時Vo+8（6回のみ）,お出かけ終了時Vo+10,スキル削除時Vo+8,,,,,,,,,,,,,10,,,,,,8,,,,8,,,,,,,,,,,,,,,,,,,,,,,,,,,,,,,,"初期ボーカル上昇+37

スキルカードカスタム時、ボーカル上昇+5（プロデュース中6回）

レッスンサポート発生率+59.2%

おでかけ終了時、ボーカル上昇+5

スキルカード削除時、ボーカル上昇+4

イベントによるパラメータ上昇+50%","初期ボーカル上昇+40

スキルカードカスタム時、ボーカル上昇+8（プロデュース中6回）

レッスンサポート発生率+69.4%

おでかけ終了時、ボーカル上昇+5

スキルカード削除時、ボーカル上昇+4

イベントによるパラメータ上昇+50%","初期ボーカル上昇+43

スキルカードカスタム時、ボーカル上昇+8（プロデュース中6回）

レッスンサポート発生率+79.6%

おでかけ終了時、ボーカル上昇+5

スキルカード削除時、ボーカル上昇+4

イベントによるパラメータ上昇+75%","初期ボーカル上昇+46

スキルカードカスタム時、ボーカル上昇+8（プロデュース中6回）

レッスンサポート発生率+89.8%

おでかけ終了時、ボーカル上昇+5

スキルカード削除時、ボーカル上昇+8

イベントによるパラメータ上昇+75%","初期ボーカル上昇+49

スキルカードカスタム時、ボーカル上昇+8（プロデュース中6回）

レッスンサポート発生率+100%

おでかけ終了時、ボーカル上昇+10

スキルカード削除時、ボーカル上昇+8

イベントによるパラメータ上昇+100%"
一番星と王子様,logic,Vo,104,item,幸せの詰め合わせ,VoSP終了時 Vo700以上の場合 Vo+20 Pポイント+20（プロデュース中2回）,40,,30,--,49,,,VoSP率+21％,VoSP終了時Vo+13,試験・オデ終了時Vo+17（2回のみ）,,,13,,,,,,,,,,,,,,17,,,,,,,,,,,,,,,,,,,,,,,,,,,,,,,,,,,21,,,"初期ボーカル上昇+37

ボーカルSPレッスン発生率+10.5%

レッスンサポート発生率+59.2%

ボーカルSPレッスン終了時、ボーカル上昇+7

試験・オーディション終了時、ボーカル上昇+9（プロデュース中2回）

イベントによるパラメータ上昇+50%","初期ボーカル上昇+40

ボーカルSPレッスン発生率+21%

レッスンサポート発生率+69.4%

ボーカルSPレッスン終了時、ボーカル上昇+7

試験・オーディション終了時、ボーカル上昇+9（プロデュース中2回）

イベントによるパラメータ上昇+50%","初期ボーカル上昇+43

ボーカルSPレッスン発生率+21%

レッスンサポート発生率+79.6%

ボーカルSPレッスン終了時、ボーカル上昇+7

試験・オーディション終了時、ボーカル上昇+9（プロデュース中2回）

イベントによるパラメータ上昇+75%","初期ボーカル上昇+46

ボーカルSPレッスン発生率+21%

レッスンサポート発生率+89.8%

ボーカルSPレッスン終了時、ボーカル上昇+13

試験・オーディション終了時、ボーカル上昇+17（プロデュース中2回）

イベントによるパラメータ上昇+75%","初期ボーカル上昇+49

ボーカルSPレッスン発生率+21%

レッスンサポート発生率+100%

ボーカルSPレッスン終了時、ボーカル上昇+13

試験・オーディション終了時、ボーカル上昇+17（プロデュース中2回）

イベントによるパラメータ上昇+100%"
第五種接近遭遇,sense,Vo,132,item,ウチュウジンデアル,集中効果カード獲得時 Vo+6,6,集中カード獲得時,30,--,,6.4,,初期Pポイント+30,Voレス終了時Vo+4,相談選択時Vo+14,,,,4,,,,,,,,,,14,,,,,,,,,,,,,,,,,,,,,,,,,,,,,,,,,,,,,,,,,"ボーカルレッスンボーナス+4.9%

初期Pポイント+30

レッスンサポート発生率+59.2%

ボーカルレッスン終了時、ボーカル上昇+2

相談選択時、ボーカル上昇+7

イベントによるパラメータ上昇+50%","ボーカルレッスンボーナス+5.4%

初期Pポイント+30

レッスンサポート発生率+69.4%

ボーカルレッスン終了時、ボーカル上昇+2

相談選択時、ボーカル上昇+7

イベントによるパラメータ上昇+50%","ボーカルレッスンボーナス+5.9%

初期Pポイント+30

レッスンサポート発生率+79.6%

ボーカルレッスン終了時、ボーカル上昇+2

相談選択時、ボーカル上昇+7

イベントによるパラメータ上昇+75%","ボーカルレッスンボーナス+6.4%

初期Pポイント+30

レッスンサポート発生率+89.8%

ボーカルレッスン終了時、ボーカル上昇+2

相談選択時、ボーカル上昇+14

イベントによるパラメータ上昇+75%","ボーカルレッスンボーナス+6.4%

初期Pポイント+30

レッスンサポート発生率+100.0%

ボーカルレッスン終了時、ボーカル上昇+4

相談選択時、ボーカル上昇+14

イベントによるパラメータ上昇+100%"
あっちも行きたいですわ！,sense,Da,189,item,ほっこりまんぷく,好調効果カード獲得時 Da200以上の場合 ランダムなPドリンク(SR以上)を獲得（プロデュース中4回）,,,40,ランダムカード強化,65,,,DaSP率+28％,DaSP終了時Da+17,アクティブ獲得時Da+3,17,,,,,,,,,,,,,,,,,,,,,,,,,,,3,,,,,,,,,,,,,,,,,,,,,,,,,28,,"初期ダンス上昇+52

ダンスSPレッスン発生率+21%

レッスンサポート発生率+66.1%

ダンスSPレッスン終了時、ダンス上昇+13

アクティブスキルカード獲得時、ダンス上昇+2

イベントによるパラメータ上昇+50%","初期ダンス上昇+55

ダンスSPレッスン発生率+21%

レッスンサポート発生率+74.6%

ダンスSPレッスン終了時、ダンス上昇+13

アクティブスキルカード獲得時、ダンス上昇+2

イベントによるパラメータ上昇+75%","初期ダンス上昇+59

ダンスSPレッスン発生率+28%

レッスンサポート発生率+83.1%

ダンスSPレッスン終了時、ダンス上昇+13

アクティブスキルカード獲得時、ダンス上昇+2

イベントによるパラメータ上昇+75%","初期ダンス上昇+62

ダンスSPレッスン発生率+28%

レッスンサポート発生率+91.5%

ダンスSPレッスン終了時、ダンス上昇+17

アクティブスキルカード獲得時、ダンス上昇+2

イベントによるパラメータ上昇+75%","初期ダンス上昇+65

ダンスSPレッスン発生率+28%

レッスンサポート発生率+100.0%

ダンスSPレッスン終了時、ダンス上昇+17

アクティブスキルカード獲得時、ダンス上昇+3

イベントによるパラメータ上昇+100%"
ひとりで立てますか？,free,Da,189,item,ひとりだちシューズ,Daターン ターン開始時 体力50%以下の場合 最大体力の15%分体力回復（レッスン内2回）,,,40,ランダム「基本」チェンジ,65,,,DaSP率+28％,DaSP終了時Da+17,メンタル獲得時Da+3,17,,,,,,,,,,,,,,,,,,,,,,,,3,,,,,,,,,,,,,,,,,,,,,,,,,,,,28,,"初期ダンス上昇+52

ダンスSPレッスン発生率+21%

レッスンサポート発生率+66.1%

ダンスSPレッスン終了時、ダンス上昇+13

メンタルスキルカード獲得時、ダンス上昇+2

イベントによるパラメータ上昇+50%","初期ダンス上昇+55

ダンスSPレッスン発生率+21%

レッスンサポート発生率+74.6%

ダンスSPレッスン終了時、ダンス上昇+13

メンタルスキルカード獲得時、ダンス上昇+2

イベントによるパラメータ上昇+50%","初期ダンス上昇+59

ダンスSPレッスン発生率+21%

レッスンサポート発生率+83.1%

ダンスSPレッスン終了時、ダンス上昇+13

メンタルスキルカード獲得時、ダンス上昇+2

イベントによるパラメータ上昇+75%","初期ダンス上昇+62

ダンスSPレッスン発生率+28%

レッスンサポート発生率+91.5%

ダンスSPレッスン終了時、ダンス上昇+13

メンタルスキルカード獲得時、ダンス上昇+2

イベントによるパラメータ上昇+75%","初期ダンス上昇+65

ダンスSPレッスン発生率+28%

レッスンサポート発生率+100.0%

ダンスSPレッスン終了時、ダンス上昇+17

メンタルスキルカード獲得時、ダンス上昇+3

イベントによるパラメータ上昇+100%"
可愛いと可愛いで可愛い！,free,Vo,70,skill_card,ティーパーティ,体力-3 スキルカード使用数追加+1 手札をレッスン中強化,,,40,ランダムカード強化,65,,,VoSP率+28％,VoSP終了時Vo+17,アクティブ獲得時Vo+3,,,17,,,,,,,,,,,,,,,,,,,,,,,,,3,,,,,,,,,,,,,,,,,,,,,,,,28,,,"初期ボーカル上昇+52

ボーカルSPレッスン発生率+21%

レッスンサポート発生率+66.1%

ボーカルSPレッスン終了時、ボーカル上昇+13

アクティブスキルカード獲得時、ボーカル上昇+2

イベントによるパラメータ上昇+50%","初期ボーカル上昇+55

ボーカルSPレッスン発生率+21%

レッスンサポート発生率+74.6%

ボーカルSPレッスン終了時、ボーカル上昇+13

アクティブスキルカード獲得時、ボーカル上昇+2

イベントによるパラメータ上昇+75%","初期ボーカル上昇+59

ボーカルSPレッスン発生率+28%

レッスンサポート発生率+83.1%

ボーカルSPレッスン終了時、ボーカル上昇+13

アクティブスキルカード獲得時、ボーカル上昇+2

イベントによるパラメータ上昇+75%","初期ボーカル上昇+62

ボーカルSPレッスン発生率+28%

レッスンサポート発生率+91.5%

ボーカルSPレッスン終了時、ボーカル上昇+17

アクティブスキルカード獲得時、ボーカル上昇+2

イベントによるパラメータ上昇+75%","初期ボーカル上昇+65

ボーカルSPレッスン発生率+28%

レッスンサポート発生率+100.0%

ボーカルSPレッスン終了時、ボーカル上昇+17

アクティブスキルカード獲得時、ボーカル上昇+3

イベントによるパラメータ上昇+100%"
待ちなさーい！,anomaly,Da,189,item,はいぼくせんげん,Daターン ターン開始時 全力の場合 パラメータ+13（レッスン内2回）,,,40,ランダムカード強化,65,,,DaSP率+28％,DaSP終了時Da+17,アクティブ獲得時Da+3,17,,,,,,,,,,,,,,,,,,,,,,,,,,,3,,,,,,,,,,,,,,,,,,,,,,,,,28,,"初期ダンス上昇+52

ダンスSPレッスン発生率+21%

レッスンサポート発生率+66.1%

ダンスSPレッスン終了時、ダンス上昇+13

アクティブスキルカード獲得時、ダンス上昇+2

イベントによるパラメータ上昇+50%","初期ダンス上昇+55

ダンスSPレッスン発生率+21%

レッスンサポート発生率+74.6%

ダンスSPレッスン終了時、ダンス上昇+13

アクティブスキルカード獲得時、ダンス上昇+2

イベントによるパラメータ上昇+75%","初期ダンス上昇+59

ダンスSPレッスン発生率+28%

レッスンサポート発生率+83.1%

ダンスSPレッスン終了時、ダンス上昇+13

アクティブスキルカード獲得時、ダンス上昇+2

イベントによるパラメータ上昇+75%","初期ダンス上昇+62

ダンスSPレッスン発生率+28%

レッスンサポート発生率+91.5%

ダンスSPレッスン終了時、ダンス上昇+17

アクティブスキルカード獲得時、ダンス上昇+2

イベントによるパラメータ上昇+75%","初期ダンス上昇+65

ダンスSPレッスン発生率+28%

レッスンサポート発生率+100.0%

ダンスSPレッスン終了時、ダンス上昇+17

アクティブスキルカード獲得時、ダンス上昇+3

イベントによるパラメータ上昇+100%"
新生活のはじまりだね,anomaly,Vi,161,item,体力自慢の本気,お出かけ終了時 Vi400以上の場合 Vi+15 スキルカードを選択して異なるスキルカードにチェンジ,75,,40,ランダムカード強化,65,,,ViSP率+28％,Viレス終了時Vi+6,温存カード獲得時Vi+4,,,,,,6,,,,,,,,,,,,,,,,,,,,,,,,,,4,,,,,,,,,,,,,,,,,,,,,,28,"初期ビジュアル上昇+52

ビジュアルSPレッスン発生率+21%

レッスンサポート発生率+66.1%

ビジュアルレッスン終了時、ビジュアル上昇+4

温存効果のスキルカード獲得時、ビジュアル上昇+3

イベントによるパラメータ上昇+50%","初期ビジュアル上昇+55

ビジュアルSPレッスン発生率+21%

レッスンサポート発生率+74.6%

ビジュアルレッスン終了時、ビジュアル上昇+4

温存効果のスキルカード獲得時、ビジュアル上昇+3

イベントによるパラメータ上昇+75%","初期ビジュアル上昇+59

ビジュアルSPレッスン発生率+28%

レッスンサポート発生率+83.1%

ビジュアルレッスン終了時、ビジュアル上昇+4

温存効果のスキルカード獲得時、ビジュアル上昇+3

イベントによるパラメータ上昇+75%","初期ビジュアル上昇+62

ビジュアルSPレッスン発生率+28%

レッスンサポート発生率+91.5%

ビジュアルレッスン終了時、ビジュアル上昇+6

温存効果のスキルカード獲得時、ビジュアル上昇+3

イベントによるパラメータ上昇+75%","初期ビジュアル上昇+65

ビジュアルSPレッスン発生率+28%

レッスンサポート発生率+100.0%

ビジュアルレッスン終了時、ビジュアル上昇+6

温存効果のスキルカード獲得時、ビジュアル上昇+4

イベントによるパラメータ上昇+100%"
佑芽ソリレース、疾走！,anomaly,Vi,201,item,ゲレンデを駆ける赤,全力効果のスキルカード獲得時、ビジュアルが400以上の場合、ビジュアル上昇+15 スキルカードを選択してコピー（プロデュース中1回）,15,,30,--,49,,,SP終了時デッキ20枚以上Vi+15（4回のみ）,温存カード獲得時Vi+3,Pアイテム獲得時Vi+11（6回のみ）,,,,,,,,,,15,,,,,,,,,,,,,,,,,,,,,,3,,,,,11,,,,,,,,,,,,,,,,,,"初期ビジュアル上昇+37

SPレッスン終了時、所持スキルカードが20枚以上の場合、ビジュアル上昇+8（プロデュース中4回）

レッスンサポート発生率+59.2%

温存効果のスキルカード獲得時、ビジュアル上昇+2

Pアイテム獲得時、ビジュアル上昇+6（プロデュース中6回）

イベントによるパラメータ上昇+50%","初期ビジュアル上昇+40

SPレッスン終了時、所持スキルカードが20枚以上の場合、ビジュアル上昇+15（プロデュース中4回）

レッスンサポート発生率+69.4%

温存効果のスキルカード獲得時、ビジュアル上昇+2

Pアイテム獲得時、ビジュアル上昇+6（プロデュース中6回）

イベントによるパラメータ上昇+50%","初期ビジュアル上昇+43

SPレッスン終了時、所持スキルカードが20枚以上の場合、ビジュアル上昇+15（プロデュース中4回）

レッスンサポート発生率+79.6%

温存効果のスキルカード獲得時、ビジュアル上昇+2

Pアイテム獲得時、ビジュアル上昇+6（プロデュース中6回）

イベントによるパラメータ上昇+75%","初期ビジュアル上昇+46

SPレッスン終了時、所持スキルカードが20枚以上の場合、ビジュアル上昇+15（プロデュース中4回）

レッスンサポート発生率+89.8%

温存効果のスキルカード獲得時、ビジュアル上昇+2

Pアイテム獲得時、ビジュアル上昇+11（プロデュース中6回）

イベントによるパラメータ上昇+75%","初期ビジュアル上昇+49

SPレッスン終了時、所持スキルカードが20枚以上の場合、ビジュアル上昇+15（プロデュース中4回）

レッスンサポート発生率+100%

温存効果のスキルカード獲得時、ビジュアル上昇+3

Pアイテム獲得時、ビジュアル上昇+11（プロデュース中6回）

イベントによるパラメータ上昇+100%"
2名様、ご案内〜♪,free,Vo,160,item,お残しにんじん,元気効果カード獲得時 Vo+6,6,元気カード獲得時,30,--,49,,,お出かけ終了時Vo+10,スキル強化時Vo+3,授業営業終了時Vo+5,,,,,,,,,,,,5,10,,,,,,,3,,,,,,,,,,,,,,,,,,,,,,,,,,,,,,,,,,,"初期ボーカル上昇+37

お出かけ終了時、ボーカル上昇+5

レッスンサポート発生率+59.2%

スキルカード強化時、ボーカル上昇+2

授業・営業終了時、ボーカル上昇+3

イベントによるパラメータ上昇+50%","初期ボーカル上昇+40

お出かけ終了時、ボーカル上昇+10

レッスンサポート発生率+69.4%

スキルカード強化時、ボーカル上昇+2

授業・営業終了時、ボーカル上昇+3

イベントによるパラメータ上昇+50%","初期ボーカル上昇+43

お出かけ終了時、ボーカル上昇+10

レッスンサポート発生率+79.6%

スキルカード強化時、ボーカル上昇+2

授業・営業終了時、ボーカル上昇+3

イベントによるパラメータ上昇+75%","初期ボーカル上昇+46

お出かけ終了時、ボーカル上昇+10

レッスンサポート発生率+89.8%

スキルカード強化時、ボーカル上昇+2

授業・営業終了時、ボーカル上昇+5

イベントによるパラメータ上昇+75%","初期ボーカル上昇+49

お出かけ終了時、ボーカル上昇+10

レッスンサポート発生率+100.0%

スキルカード強化時、ボーカル上昇+3

授業・営業終了時、ボーカル上昇+5

イベントによるパラメータ上昇+100%"
堂々とサボってる！？,logic,Vo,200,skill_card,あこがれ不良ムーブ,やる気消費3 好印象+3 スキルカード使用数追加+1 次のターン、スキルカードを引く やる気が6以上の場合、スキルカードを2枚引く,,,40,ランダムカード強化,65,,,VoSP率+28％,好印象カード獲得時Vo+4,スキル（SSR）獲得時Vo+6,,,,,,,,,,,,,,,,,,,,,6,,,,,,,,,,4,,,,,,,,,,,,,,,,,,,,,28,,,"初期ボーカル上昇+52

ボーカルSPレッスン発生率+21%

レッスンサポート発生率+66.1%

好印象効果のスキルカード獲得時、ボーカル上昇+3

スキルカード（SSR）獲得時、ボーカル上昇+5

イベントによるパラメータ上昇+50%","初期ボーカル上昇+55

ボーカルSPレッスン発生率+21%

レッスンサポート発生率+74.6%

好印象効果のスキルカード獲得時、ボーカル上昇+3

スキルカード（SSR）獲得時、ボーカル上昇+5

イベントによるパラメータ上昇+75%","初期ボーカル上昇+59

ボーカルSPレッスン発生率+28%

レッスンサポート発生率+83.1%

好印象効果のスキルカード獲得時、ボーカル上昇+3

スキルカード（SSR）獲得時、ボーカル上昇+5

イベントによるパラメータ上昇+75%","初期ボーカル上昇+62

ボーカルSPレッスン発生率+28%

レッスンサポート発生率+91.5%

好印象効果のスキルカード獲得時、ボーカル上昇+4

スキルカード（SSR）獲得時、ボーカル上昇+5

イベントによるパラメータ上昇+75%","初期ボーカル上昇+65

ボーカルSPレッスン発生率+28%

レッスンサポート発生率+100%

好印象効果のスキルカード獲得時、ボーカル上昇+4

スキルカード（SSR）獲得時、ボーカル上昇+6

イベントによるパラメータ上昇+100%"
思い出の宝箱だ、ね,logic,Vo,199,skill_card,ふれんどめもりーず,やる気消費2 4ターン後、好印象の120%分パラメータ上昇 やる気が3以上の場合、以降の3ターンの間、ターン終了時、好印象+2,,,40,ランダムカード強化,65,,,活動支給差し入れ選択時Vo+17,試験・オデ終了時Vo+22（2回のみ）,メンタル獲得時Vo+3,,,,,,,,,,,17,,,,,,22,,,,,,,,3,,,,,,,,,,,,,,,,,,,,,,,,,,,,,,"初期ボーカル上昇+52

活動支給・差し入れ選択時、ボーカル上昇+12

レッスンサポート発生率+66.1%

試験・オーディション終了時、ボーカル上昇+17（プロデュース中2回）

メンタルスキルカード獲得時、ボーカル上昇+2

イベントによるパラメータ上昇+50%","初期ボーカル上昇+55

活動支給・差し入れ選択時、ボーカル上昇+12

レッスンサポート発生率+74.6%

試験・オーディション終了時、ボーカル上昇+17（プロデュース中2回）

メンタルスキルカード獲得時、ボーカル上昇+2

イベントによるパラメータ上昇+75%","初期ボーカル上昇+59

活動支給・差し入れ選択時、ボーカル上昇+17

レッスンサポート発生率+83.1%

試験・オーディション終了時、ボーカル上昇+17（プロデュース中2回）

メンタルスキルカード獲得時、ボーカル上昇+2

イベントによるパラメータ上昇+75%","初期ボーカル上昇+62

活動支給・差し入れ選択時、ボーカル上昇+17

レッスンサポート発生率+91.5%

試験・オーディション終了時、ボーカル上昇+22（プロデュース中2回）

メンタルスキルカード獲得時、ボーカル上昇+2

イベントによるパラメータ上昇+75%","初期ボーカル上昇+65

活動支給・差し入れ選択時、ボーカル上昇+17

レッスンサポート発生率+100%

試験・オーディション終了時、ボーカル上昇+22（プロデュース中2回）

メンタルスキルカード獲得時、ボーカル上昇+3

イベントによるパラメータ上昇+100%"
トンボをつかまえて,sense,Da,185,item,小さい秋見つけた,Daターン ターン開始時 集中5以上の場合 パラメータ+10（レッスン内2回）,,,30,--,,6.4,,スキル強化時Da+3,DaSP終了時Da+13,試験・オデ終了時Da+17（2回のみ）,13,,,,,,,,,,,,,,,,17,,,3,,,,,,,,,,,,,,,,,,,,,,,,,,,,,,,,,,,"ダンスパラメータボーナス+4.4%

スキルカード強化時、ダンス上昇+2

レッスンサポート発生率+59.2%

ダンスSPレッスン終了時、ダンス上昇+7

試験・オーディション終了時、ダンス上昇+9（プロデュース中2回）

イベントによるパラメータ上昇+50%","ダンスパラメータボーナス+4.9%

スキルカード強化時、ダンス上昇+3

レッスンサポート発生率+69.4%

ダンスSPレッスン終了時、ダンス上昇+7

試験・オーディション終了時、ダンス上昇+9（プロデュース中2回）

イベントによるパラメータ上昇+50%","ダンスパラメータボーナス+5.4%

スキルカード強化時、ダンス上昇+3

レッスンサポート発生率+79.6%

ダンスSPレッスン終了時、ダンス上昇+7

試験・オーディション終了時、ダンス上昇+9（プロデュース中2回）

イベントによるパラメータ上昇+75%","ダンスパラメータボーナス+5.9%

スキルカード強化時、ダンス上昇+3

レッスンサポート発生率+89.8%

ダンスSPレッスン終了時、ダンス上昇+7

試験・オーディション終了時、ダンス上昇+17（プロデュース中2回）

イベントによるパラメータ上昇+75%","ダンスパラメータボーナス+6.4%

スキルカード強化時、ダンス上昇+3

レッスンサポート発生率+100.0%

ダンスSPレッスン終了時、ダンス上昇+13

試験・オーディション終了時、ダンス上昇+17（プロデュース中2回）

イベントによるパラメータ上昇+100%"
新たな挑戦の成功ですわ！,free,Vi,156,item,とうちょーのきろく,授業・営業終了時 Vi+15 体力回復2,80,,40,ランダムカード強化,65,,,ViSP率+28％,Viレス終了時Vi+6,アクティブ獲得時Vi+3,,,,,,6,,,,,,,,,,,,,,,,,,,,,,3,,,,,,,,,,,,,,,,,,,,,,,,,,28,"初期ビジュアル上昇+52

ビジュアルSPレッスン発生率+21%

レッスンサポート発生率+66.1%

ビジュアルレッスン終了時、ビジュアル上昇+4

アクティブスキルカード獲得時、ビジュアル上昇+2

イベントによるパラメータ上昇+50%","初期ビジュアル上昇+55

ビジュアルSPレッスン発生率+21%

レッスンサポート発生率+74.6%

ビジュアルレッスン終了時、ビジュアル上昇+4

アクティブスキルカード獲得時、ビジュアル上昇+2

イベントによるパラメータ上昇+75%","初期ビジュアル上昇+59

ビジュアルSPレッスン発生率+28%

レッスンサポート発生率+83.1%

ビジュアルレッスン終了時、ビジュアル上昇+4

アクティブスキルカード獲得時、ビジュアル上昇+2

イベントによるパラメータ上昇+75%","初期ビジュアル上昇+62

ビジュアルSPレッスン発生率+28%

レッスンサポート発生率+91.5%

ビジュアルレッスン終了時、ビジュアル上昇+6

アクティブスキルカード獲得時、ビジュアル上昇+2

イベントによるパラメータ上昇+75%","初期ビジュアル上昇+65

ビジュアルSPレッスン発生率+28%

レッスンサポート発生率+100.0%

ビジュアルレッスン終了時、ビジュアル上昇+6

アクティブスキルカード獲得時、ビジュアル上昇+3

イベントによるパラメータ上昇+100%"
まじか。,free,Da,136,skill_card,光のステージ,体力-3 消費体力削減1 カード使用数+1,,,40,ランダムカード強化,65,,,DaSP終了時Pポイント+45％,Daレス終了時Da+6,相談選択時Da+18,,,,,6,,,,,,,,,18,,,,,,,,,,,,,,,,,,,,,,,,,,,,,,,,,,,,,,,,,"初期ダンス上昇+52

ダンスSPレッスン終了時、Pポイント獲得量増加+33%

レッスンサポート発生率+66.1%

ダンスレッスン終了時、ダンス上昇+4

相談選択時、ダンス上昇+14

イベントによるパラメータ上昇+50%","初期ダンス上昇+55

ダンスSPレッスン終了時、Pポイント獲得量増加+33%

レッスンサポート発生率+74.6%

ダンスレッスン終了時、ダンス上昇+4

相談選択時、ダンス上昇+14

イベントによるパラメータ上昇+75%","初期ダンス上昇+59

ダンスSPレッスン終了時、Pポイント獲得量増加+45%

レッスンサポート発生率+83.1%

ダンスレッスン終了時、ダンス上昇+4

相談選択時、ダンス上昇+14

イベントによるパラメータ上昇+75%","初期ダンス上昇+62

ダンスSPレッスン終了時、Pポイント獲得量増加+45%

レッスンサポート発生率+91.5%

ダンスレッスン終了時、ダンス上昇+6

相談選択時、ダンス上昇+14

イベントによるパラメータ上昇+75%","初期ダンス上昇+65

ダンスSPレッスン終了時、Pポイント獲得量増加+45%

レッスンサポート発生率+100.0%

ダンスレッスン終了時、ダンス上昇+6

相談選択時、ダンス上昇+18

イベントによるパラメータ上昇+100%"
バレンタイン?会議中ーっ！,anomaly,Vi,168,skill_card,バレンタイン大作戦！,体力消費3 元気+4 温存に変更 以降の2ターンの間、ターン開始時、温存に変更,,,40,ランダムカード強化,,8.5,,スキル削除時Vi+11,アクティブ強化時Vi+9,ViSP終了時Vi+17,,17,,,,,,,,,,,,,,,,,11,,,,,,,,,,9,,,,,,,,,,,,,,,,,,,,,,,,,,"ビジュアルパラメータボーナス+6.5%

スキルカード削除時、ビジュアル上昇+8

レッスンサポート発生率+66.1%

アクティブスキルカード強化時、ビジュアル上昇+7

ビジュアルSPレッスン終了時、ビジュアル上昇+13

イベントによるパラメータ上昇+50%","ビジュアルパラメータボーナス+7.0%

スキルカード削除時、ビジュアル上昇+8

レッスンサポート発生率+74.6%

アクティブスキルカード強化時、ビジュアル上昇+7

ビジュアルSPレッスン終了時、ビジュアル上昇+13

イベントによるパラメータ上昇+50%","ビジュアルパラメータボーナス+7.5%

スキルカード削除時、ビジュアル上昇+8

レッスンサポート発生率+83.1%

アクティブスキルカード強化時、ビジュアル上昇+7

ビジュアルSPレッスン終了時、ビジュアル上昇+13

イベントによるパラメータ上昇+75%","ビジュアルパラメータボーナス+8.0%

スキルカード削除時、ビジュアル上昇+11

レッスンサポート発生率+91.5%

アクティブスキルカード強化時、ビジュアル上昇+7

ビジュアルSPレッスン終了時、ビジュアル上昇+13

イベントによるパラメータ上昇+75%","ビジュアルパラメータボーナス+8.5%

スキルカード削除時、ビジュアル上昇+11

レッスンサポート発生率+100.0%

アクティブスキルカード強化時、ビジュアル上昇+9

ビジュアルSPレッスン終了時、ビジュアル上昇+17

イベントによるパラメータ上昇+100%"
屈辱の2位,logic,Vo,122,item,噛み締めたタオル,好印象効果カード強化時 Vo700以上の場合 ランダムなスキルカードを強化（プロデュース中2回）,,,30,--,49,,,お出かけ終了時Vo+10,試験・オデ終了時Vo+17（2回のみ）,スキル削除時Vo+8,,,,,,,,,,,,,10,,,,17,,8,,,,,,,,,,,,,,,,,,,,,,,,,,,,,,,,,,,,"初期ボーカル上昇+37

お出かけ終了時、ボーカル上昇+5

レッスンサポート発生率+59.2%

試験・オーディション終了時、ボーカル上昇+9（プロデュース中2回）

スキルカード削除時、ボーカル上昇+4

イベントによるパラメータ上昇+50%","初期ボーカル上昇+40

お出かけ終了時、ボーカル上昇+5

レッスンサポート発生率+69.4%

試験・オーディション終了時、ボーカル上昇+9（プロデュース中2回）

スキルカード削除時、ボーカル上昇+4

イベントによるパラメータ上昇+50%","初期ボーカル上昇+43

お出かけ終了時、ボーカル上昇+10

レッスンサポート発生率+79.6%

試験・オーディション終了時、ボーカル上昇+9（プロデュース中2回）

スキルカード削除時、ボーカル上昇+4

イベントによるパラメータ上昇+75%","初期ボーカル上昇+46

お出かけ終了時、ボーカル上昇+10

レッスンサポート発生率+89.8%

試験・オーディション終了時、ボーカル上昇+9（プロデュース中2回）

スキルカード削除時、ボーカル上昇+8

イベントによるパラメータ上昇+75%","初期ボーカル上昇+49

お出かけ終了時、ボーカル上昇+10

レッスンサポート発生率+100.0%

試験・オーディション終了時、ボーカル上昇+17（プロデュース中2回）

スキルカード削除時、ボーカル上昇+8

イベントによるパラメータ上昇+100%"
かかってらっしゃい！,logic,Vi,194,skill_card,お姉ちゃん、参戦！,体力消費3 やる気が6以上の場合、使用可 元気+3 元気の100%分パラメータ上昇 次のターン、スキルカードを2枚引く,,,40,ランダムカード強化,65,,,SP終了時デッキ20枚以上Vi+21（4回のみ）,元気カード獲得時Vi+4,メンタル獲得時Vi+3,,,,,,,,,,21,,,,,,,,,,,,,,,3,,,,,,,,4,,,,,,,,,,,,,,,,,,,,,,"初期ビジュアル上昇+52

SPレッスン終了時、所持スキルカードが20枚以上の場合、ビジュアル上昇+15（プロデュース中4回）

レッスンサポート発生率+66.1%

元気効果のスキルカード獲得時、ビジュアル上昇+3

メンタルスキルカード獲得時、ビジュアル上昇+2

イベントによるパラメータ上昇+50%","初期ビジュアル上昇+55

SPレッスン終了時、所持スキルカードが20枚以上の場合、ビジュアル上昇+15（プロデュース中4回）

レッスンサポート発生率+74.6%

元気効果のスキルカード獲得時、ビジュアル上昇+3

メンタルスキルカード獲得時、ビジュアル上昇+2

イベントによるパラメータ上昇+75%","初期ビジュアル上昇+59

SPレッスン終了時、所持スキルカードが20枚以上の場合、ビジュアル上昇+21（プロデュース中4回）

レッスンサポート発生率+83.1%

元気効果のスキルカード獲得時、ビジュアル上昇+3

メンタルスキルカード獲得時、ビジュアル上昇+2

イベントによるパラメータ上昇+75%","初期ビジュアル上昇+62

SPレッスン終了時、所持スキルカードが20枚以上の場合、ビジュアル上昇+21（プロデュース中4回）

レッスンサポート発生率+91.5%

元気効果のスキルカード獲得時、ビジュアル上昇+4

メンタルスキルカード獲得時、ビジュアル上昇+2

イベントによるパラメータ上昇+75%","初期ビジュアル上昇+65

SPレッスン終了時、所持スキルカードが20枚以上の場合、ビジュアル上昇+21（プロデュース中4回）

レッスンサポート発生率+100%

元気効果のスキルカード獲得時、ビジュアル上昇+4

メンタルスキルカード獲得時、ビジュアル上昇+3

イベントによるパラメータ上昇+100%"
ぐつぐつ、いいにおい♪,logic,Vo,193,skill_card,味見はいかが,体力-5 ランダムな山札か手札の眠気を除外に移動 好印象+4 やる気+3,,,30,--,49,,,SP終了時デッキ20枚以上Vo+15（4回のみ）,活動支給差し入れ選択時Vo+11,スキルチェンジ時Vo+16（3回のみ）,,,,,,,,,,15,11,,,,,,,,,,,,,16,,,,,,,,,,,,,,,,,,,,,,,,,,,,,,,"初期ボーカル上昇+37

SPレッスン終了時、所持スキルカードが20枚以上の場合、ボーカル上昇+8（プロデュース中4回）

レッスンサポート発生率+59.2%

活動支給・差し入れ選択時、ボーカル上昇+6

スキルカードチェンジ時、ボーカル上昇+8（プロデュース中3回）

イベントによるパラメータ上昇+50%","初期ボーカル上昇+40

SPレッスン終了時、所持スキルカードが20枚以上の場合、ボーカル上昇+15（プロデュース中4回）

レッスンサポート発生率+69.4%

活動支給・差し入れ選択時、ボーカル上昇+6

スキルカードチェンジ時、ボーカル上昇+8（プロデュース中3回）

イベントによるパラメータ上昇+50%","初期ボーカル上昇+43

SPレッスン終了時、所持スキルカードが20枚以上の場合、ボーカル上昇+15（プロデュース中4回）

レッスンサポート発生率+79.6%

活動支給・差し入れ選択時、ボーカル上昇+6

スキルカードチェンジ時、ボーカル上昇+8（プロデュース中3回）

イベントによるパラメータ上昇+75%","初期ボーカル上昇+46

SPレッスン終了時、所持スキルカードが20枚以上の場合、ボーカル上昇+15（プロデュース中4回）

レッスンサポート発生率+89.8%

活動支給・差し入れ選択時、ボーカル上昇+6

スキルカードチェンジ時、ボーカル上昇+16（プロデュース中3回）

イベントによるパラメータ上昇+75%","初期ボーカル上昇+49

SPレッスン終了時、所持スキルカードが20枚以上の場合、ボーカル上昇+15（プロデュース中4回）

レッスンサポート発生率+100%

活動支給・差し入れ選択時、ボーカル上昇+11

スキルカードチェンジ時、ボーカル上昇+16（プロデュース中3回）

イベントによるパラメータ上昇+100%"
お母さんか！,free,Da,155,item,好き嫌い禁止！,Daターン ターン開始時 体力が50%以下の場合 固定元気+10（レッスン内1回）,,,40,ランダム「基本」チェンジ,,8.5,,DaSP終了時体力回復5,DaSP終了時Da+13,相談選択時Da+8,13,,,,,,,,,,,,,8,,,,,,,,,,,,,,,,,,,,,,,,,,,,,,,,,,,,,,,,,"ダンスパラメータボーナス+6.5%

ダンスSPレッスン終了時、体力回復4

レッスンサポート発生率+66.1%

ダンスSPレッスン終了時、ダンス上昇+9

相談選択時、ダンス上昇+9

イベントによるパラメータ上昇+50%","ダンスパラメータボーナス+7.0%

ダンスSPレッスン終了時、体力回復4

レッスンサポート発生率+74.6%

ダンスSPレッスン終了時、ダンス上昇+9

相談選択時、ダンス上昇+9

イベントによるパラメータ上昇+75%","ダンスパラメータボーナス+7.5%

ダンスSPレッスン終了時、体力回復5

レッスンサポート発生率+83.1%

ダンスSPレッスン終了時、ダンス上昇+9

相談選択時、ダンス上昇+9

イベントによるパラメータ上昇+75%","ダンスパラメータボーナス+8.0%

ダンスSPレッスン終了時、体力回復5

レッスンサポート発生率+91.5%

ダンスSPレッスン終了時、ダンス上昇+9

相談選択時、ダンス上昇+14

イベントによるパラメータ上昇+75%","ダンスパラメータボーナス+8.5%

ダンスSPレッスン終了時、体力回復5

レッスンサポート発生率+100.0%

ダンスSPレッスン終了時、ダンス上昇+13

相談選択時、ダンス上昇+14

イベントによるパラメータ上昇+100%"
どーなっちゃうの〜？,anomaly,Vi,133,item,恋心のゆくえ,Viターン ターン開始後、温存の場合、元気+3 ランダムな山札か捨札の強気効果カードを手札に移動（レッスン内3回）,,,40,ランダムカード強化,,8.5,,特別指導開始時Vi+25（3回のみ）,ViSP終了時Vi+17,活動支給差し入れ選択時Vi+38（2回のみ）,,17,,,,,,,,,,,,,,,,25,,,,,,,,,,,,,,,,,,,,,,,,,,,,,,38,,,,,,,,,,,
虫愛づる王子様,anomaly,Vi,118,skill_card,小さなお客さん,体力-6 次のターン、温存に変更 次のターン、全力値+2 全力の場合、パラメータ+24,,,30,--,49,,,スキル強化時Vi+3,お出かけ終了時Vi+10,スキル削除時Vi+8,,,,,,,,,,,,,10,,,,,,8,3,,,,,,,,,,,,,,,,,,,,,,,,,,,,,,,,,,,"初期ビジュアル上昇+37

スキルカード強化時、ビジュアル上昇+2

レッスンサポート発生率+59.2%

お出かけ終了時、ビジュアル上昇+5

スキルカード削除時、ビジュアル上昇+4

イベントによるパラメータ上昇+50%","初期ビジュアル上昇+40

スキルカード強化時、ビジュアル上昇+3

レッスンサポート発生率+69.4%

お出かけ終了時、ビジュアル上昇+5

スキルカード削除時、ビジュアル上昇+4

イベントによるパラメータ上昇+50%","初期ビジュアル上昇+43

スキルカード強化時、ビジュアル上昇+3

レッスンサポート発生率+79.6%

お出かけ終了時、ビジュアル上昇+5

スキルカード削除時、ビジュアル上昇+4

イベントによるパラメータ上昇+75%","初期ビジュアル上昇+46

スキルカード強化時、ビジュアル上昇+3

レッスンサポート発生率+89.8%

お出かけ終了時、ビジュアル上昇+5

スキルカード削除時、ビジュアル上昇+8

イベントによるパラメータ上昇+75%","初期ビジュアル上昇+49

スキルカード強化時、ビジュアル上昇+3

レッスンサポート発生率+100.0%

お出かけ終了時、ビジュアル上昇+10

スキルカード削除時、ビジュアル上昇+8

イベントによるパラメータ上昇+100%"
ちょっと詳しいんです！,logic,Vi,190,item,月刊アニメトーク♪,Viターン ターン開始時 好印象+3 ランダムな山札か捨札にあるスキルカード（SSR）を手札に移動（レッスン内1回）,,,40,ランダムカード強化,65,,,ViSP率+28％,SP終了時デッキ20枚以上Vi+21（4回のみ）,スキルカスタム時Vi+11（6回のみ）,,,,,,,,,,21,,,,,,,,,,,,,11,,,,,,,,,,,,,,,,,,,,,,,,,,,,,,,28,"初期ビジュアル上昇+52

ビジュアルSPレッスン発生率+21%

レッスンサポート発生率+66.1%

SPレッスン終了時、所持スキルカードが20枚以上の場合、ビジュアル上昇+15（プロデュース中4回）

スキルカードカスタマイズ時、ビジュアル上昇+8（プロデュース中6回）

イベントによるパラメータ上昇+50%","初期ビジュアル上昇+55

ビジュアルSPレッスン発生率+21%

レッスンサポート発生率+74.6%

SPレッスン終了時、所持スキルカードが20枚以上の場合、ビジュアル上昇+15（プロデュース中4回）

スキルカードカスタマイズ時、ビジュアル上昇+8（プロデュース中6回）

イベントによるパラメータ上昇+75%","初期ビジュアル上昇+59

ビジュアルSPレッスン発生率+28%

レッスンサポート発生率+83.1%

SPレッスン終了時、所持スキルカードが20枚以上の場合、ビジュアル上昇+15（プロデュース中4回）

スキルカードカスタマイズ時、ビジュアル上昇+8（プロデュース中6回）

イベントによるパラメータ上昇+75%","初期ビジュアル上昇+62

ビジュアルSPレッスン発生率+28%

レッスンサポート発生率+91.5%

SPレッスン終了時、所持スキルカードが20枚以上の場合、ビジュアル上昇+21（プロデュース中4回）

スキルカードカスタマイズ時、ビジュアル上昇+8（プロデュース中6回）

イベントによるパラメータ上昇+75%","初期ビジュアル上昇+65

ビジュアルSPレッスン発生率+28%

レッスンサポート発生率+100%

SPレッスン終了時、所持スキルカードが20枚以上の場合、ビジュアル上昇+21（プロデュース中4回）

スキルカードカスタマイズ時、ビジュアル上昇+11（プロデュース中6回）

イベントによるパラメータ上昇+100%"
奥義、三重とび！,anomaly,Vi,184,item,絆のなわとび,全力効果のスキルカード獲得時 Vi+6,6,全力カード獲得時,30,--,49,,,メンタル強化時Vi+6,授業営業終了時Vi+5,試験・オデ終了時Vi+17（2回のみ）,,,,,,,,,,,,5,,,,,17,,,,,,,,,6,,,,,,,,,,,,,,,,,,,,,,,,,,,,,"初期ビジュアル上昇+37

メンタルスキルカード強化時、ビジュアル上昇+4

レッスンサポート発生率+59.2%

授業・営業終了時、ビジュアル上昇+3

試験・オーディション終了時、ビジュアル上昇+9（プロデュース中2回）

イベントによるパラメータ上昇+50%","初期ビジュアル上昇+40

メンタルスキルカード強化時、ビジュアル上昇+6

レッスンサポート発生率+69.4%

授業・営業終了時、ビジュアル上昇+3

試験・オーディション終了時、ビジュアル上昇+9（プロデュース中2回）

イベントによるパラメータ上昇+50%","初期ビジュアル上昇+43

メンタルスキルカード強化時、ビジュアル上昇+6

レッスンサポート発生率+79.6%

授業・営業終了時、ビジュアル上昇+3

試験・オーディション終了時、ビジュアル上昇+9（プロデュース中2回）

イベントによるパラメータ上昇+75%","初期ビジュアル上昇+46

メンタルスキルカード強化時、ビジュアル上昇+6

レッスンサポート発生率+89.8%

授業・営業終了時、ビジュアル上昇+3

試験・オーディション終了時、ビジュアル上昇+17（プロデュース中2回）

イベントによるパラメータ上昇+75%","初期ビジュアル上昇+49

メンタルスキルカード強化時、ビジュアル上昇+6

レッスンサポート発生率+100.0%

授業・営業終了時、ビジュアル上昇+5

試験・オーディション終了時、ビジュアル上昇+17（プロデュース中2回）

イベントによるパラメータ上昇+100%"
ふわふわなお面？,free,Da,131,item,ハンターの戦利品,DaSP終了時 Da400以上の場合 Pポイント+60（プロデュース中2回）,,,30,--,49,,,DaSP率+21％,DaSP終了時Da+13,お出かけ終了時Da+10,13,,,,,,,,,,,,10,,,,,,,,,,,,,,,,,,,,,,,,,,,,,,,,,,,,,,,,21,,"初期ダンス上昇+37

ダンスSPレッスン発生率+10.5%

レッスンサポート発生率+59.2%

ダンスSPレッスン終了時、ダンス上昇+7

お出かけ終了時、ダンス上昇+5

イベントによるパラメータ上昇+50%","初期ダンス上昇+40

ダンスSPレッスン発生率+10.5%

レッスンサポート発生率+69.4%

ダンスSPレッスン終了時、ダンス上昇+7

お出かけ終了時、ダンス上昇+5

イベントによるパラメータ上昇+50%","初期ダンス上昇+43

ダンスSPレッスン発生率+21%

レッスンサポート発生率+79.6%

ダンスSPレッスン終了時、ダンス上昇+7

お出かけ終了時、ダンス上昇+5

イベントによるパラメータ上昇+75%","初期ダンス上昇+46

ダンスSPレッスン発生率+21%

レッスンサポート発生率+89.8%

ダンスSPレッスン終了時、ダンス上昇+7

お出かけ終了時、ダンス上昇+10

イベントによるパラメータ上昇+75%","初期ダンス上昇+49

ダンスSPレッスン発生率+21%

レッスンサポート発生率+100.0%

ダンスSPレッスン終了時、ダンス上昇+13

お出かけ終了時、ダンス上昇+10

イベントによるパラメータ上昇+100%"
こいつらめんどくさー,sense,Vo,75,skill_card,喧嘩するほど仲がいい,体力-6 集中+3 好調2ターン 次ターン、手札をレッスン中強化,,,40,ランダムカード強化,,8.5,,VoSP終了時Pポイント+33％,VoSP終了時Vo+13,メンタル強化時Vo+7,,,13,,,,,,,,,,,,,,,,,,,,,,,7,,,,,,,,,,,,,,,,,,,,,,,,,,,,,"ボーカルパラメータボーナス+6.5%

ボーカルSPレッスン終了時、Pポイント獲得量増加+22%

レッスンサポート発生率+66.1%

ボーカルSPレッスン終了時、ボーカル上昇+9

メンタルスキルカード強化時、ボーカル上昇+5

イベントによるパラメータ上昇+50%","ボーカルパラメータボーナス+7.0%

ボーカルSPレッスン終了時、Pポイント獲得量増加+22%

レッスンサポート発生率+74.6%

ボーカルSPレッスン終了時、ボーカル上昇+9

メンタルスキルカード強化時、ボーカル上昇+5

イベントによるパラメータ上昇+75%","ボーカルパラメータボーナス+7.5%

ボーカルSPレッスン終了時、Pポイント獲得量増加+33%

レッスンサポート発生率+83.1%

ボーカルSPレッスン終了時、ボーカル上昇+9

メンタルスキルカード強化時、ボーカル上昇+5

イベントによるパラメータ上昇+75%","ボーカルパラメータボーナス+8.0%

ボーカルSPレッスン終了時、Pポイント獲得量増加+33%

レッスンサポート発生率+91.5%

ボーカルSPレッスン終了時、ボーカル上昇+9

メンタルスキルカード強化時、ボーカル上昇+7

イベントによるパラメータ上昇+75%","ボーカルパラメータボーナス+8.5%

ボーカルSPレッスン終了時、Pポイント獲得量増加+33%

レッスンサポート発生率+100.0%

ボーカルSPレッスン終了時、ボーカル上昇+13

メンタルスキルカード強化時、ボーカル上昇+7

イベントによるパラメータ上昇+100%"
わたしたち、やればできる,logic,Da,166,skill_card,ダメダメクッキング,体力-7 好印象+4 やる気+3 次ターン、手札をレッスン中強化,,,40,ランダムカード強化,,8.5,,DaSP終了時Pポイント+33％,DaSP終了時Da+13,メンタル強化時Da+7,13,,,,,,,,,,,,,,,,,,,,,,,,,7,,,,,,,,,,,,,,,,,,,,,,,,,,,,,"ダンスパラメータボーナス+6.5%

ダンスSPレッスン終了時、Pポイント獲得量増加+22%

レッスンサポート発生率+66.1%

ダンスSPレッスン終了時、ダンス上昇+9

メンタルスキルカード強化時、ダンス上昇+5

イベントによるパラメータ上昇+50%","ダンスパラメータボーナス+7.0%

ダンスSPレッスン終了時、Pポイント獲得量増加+22%

レッスンサポート発生率+74.6%

ダンスSPレッスン終了時、ダンス上昇+9

メンタルスキルカード強化時、ダンス上昇+5

イベントによるパラメータ上昇+75%","ダンスパラメータボーナス+7.5%

ダンスSPレッスン終了時、Pポイント獲得量増加+33%

レッスンサポート発生率+83.1%

ダンスSPレッスン終了時、ダンス上昇+9

メンタルスキルカード強化時、ダンス上昇+5

イベントによるパラメータ上昇+75%","ダンスパラメータボーナス+8.0%

ダンスSPレッスン終了時、Pポイント獲得量増加+33%

レッスンサポート発生率+91.5%

ダンスSPレッスン終了時、ダンス上昇+9

メンタルスキルカード強化時、ダンス上昇+7

イベントによるパラメータ上昇+75%","ダンスパラメータボーナス+8.5%

ダンスSPレッスン終了時、Pポイント獲得量増加+33%

レッスンサポート発生率+100.0%

ダンスSPレッスン終了時、ダンス上昇+13

メンタルスキルカード強化時、ダンス上昇+7

イベントによるパラメータ上昇+100%"
花火、やりませんか……？,sense,Vi,141,skill_card,交わる感情,体力-5 パラメータ+7（集中を1.5倍適用） 集中+4,,,40,ランダムカード強化,,8.5,,アクティブ獲得時Vi+3,ViSP終了時Vi+17,相談選択時Vi+18,,17,,,,,,,,,,,,18,,,,,,,,,,,,,,3,,,,,,,,,,,,,,,,,,,,,,,,,,,"ビジュアルレッスンボーナス+6.5%

アクティブスキルカード獲得時、ビジュアル上昇+2

レッスンサポート発生率+66.1%

ビジュアルSPレッスン終了時、ビジュアル上昇+13

相談選択時、ビジュアル上昇+14

イベントによるパラメータ上昇+50%","ビジュアルレッスンボーナス+7.0%

アクティブスキルカード獲得時、ビジュアル上昇+2

レッスンサポート発生率+74.6%

ビジュアルSPレッスン終了時、ビジュアル上昇+13

相談選択時、ビジュアル上昇+14

イベントによるパラメータ上昇+75%","ビジュアルレッスンボーナス+7.5%

アクティブスキルカード獲得時、ビジュアル上昇+3

レッスンサポート発生率+83.1%

ビジュアルSPレッスン終了時、ビジュアル上昇+13

相談選択時、ビジュアル上昇+14

イベントによるパラメータ上昇+75%","ビジュアルレッスンボーナス+8.0%

アクティブスキルカード獲得時、ビジュアル上昇+3

レッスンサポート発生率+91.5%

ビジュアルSPレッスン終了時、ビジュアル上昇+17

相談選択時、ビジュアル上昇+14

イベントによるパラメータ上昇+75%","ビジュアルレッスンボーナス+8.5%

アクティブスキルカード獲得時、ビジュアル上昇+3

レッスンサポート発生率+100.0%

ビジュアルSPレッスン終了時、ビジュアル上昇+17

相談選択時、ビジュアル上昇+18

イベントによるパラメータ上昇+100%"
あったかいね,logic,Vi,124,item,ぬくもりふたりぶん,Viターン カード使用時 やる気が5以上の場合 元気+2（レッスン内2回）,,,40,ランダムカード強化,65,,,ViSP率+28％,メンタル獲得時Vi+3,相談選択時Vi+18,,,,,,,,,,,,,,18,,,,,,,,,,,3,,,,,,,,,,,,,,,,,,,,,,,,,,,,,28,"初期ビジュアル上昇+52

ビジュアルSPレッスン発生率+21%

レッスンサポート発生率+66.1%

メンタルスキルカード獲得時、ビジュアル上昇+2

相談選択時、ビジュアル上昇+14

イベントによるパラメータ上昇+50%","初期ビジュアル上昇+55

ビジュアルSPレッスン発生率+21%

レッスンサポート発生率+74.6%

メンタルスキルカード獲得時、ビジュアル上昇+2

相談選択時、ビジュアル上昇+14

イベントによるパラメータ上昇+50%","初期ビジュアル上昇+59

ビジュアルSPレッスン発生率+28%

レッスンサポート発生率+83.1%

メンタルスキルカード獲得時、ビジュアル上昇+2

相談選択時、ビジュアル上昇+14

イベントによるパラメータ上昇+75%","初期ビジュアル上昇+62

ビジュアルSPレッスン発生率+28%

レッスンサポート発生率+91.5%

メンタルスキルカード獲得時、ビジュアル上昇+3

相談選択時、ビジュアル上昇+14

イベントによるパラメータ上昇+75%","初期ビジュアル上昇+65

ビジュアルSPレッスン発生率+28%

レッスンサポート発生率+100.0%

メンタルスキルカード獲得時、ビジュアル上昇+3

相談選択時、ビジュアル上昇+18

イベントによるパラメータ上昇+100%"
すっかり仲良しって感じ♪,sense,Da,165,item,勝利をその手に,レッスン開始時 静かな意志+を手札に生成（レッスン内1回）,,,40,ランダムカード強化,65,,,DaSP率+21％,DaSP終了時Da+13,試験・オデ終了時Da+17（2回のみ）,13,,,,,,,,,,,,,,,,17,,,,,,,,,,,,,,,,,,,,,,,,,,,,,,,,,,,,21,,"初期ダンス上昇+52

ダンスSPレッスン発生率+14%

レッスンサポート発生率+66.1%

ダンスSPレッスン終了時、ダンス上昇+9

試験・オーディション終了時、ダンス上昇+11（プロデュース中2回）

イベントによるパラメータ上昇+50%","初期ダンス上昇+55

ダンスSPレッスン発生率+14%

レッスンサポート発生率+74.6%

ダンスSPレッスン終了時、ダンス上昇+9

試験・オーディション終了時、ダンス上昇+11（プロデュース中2回）

イベントによるパラメータ上昇+75%","初期ダンス上昇+59

ダンスSPレッスン発生率+21%

レッスンサポート発生率+83.1%

ダンスSPレッスン終了時、ダンス上昇+9

試験・オーディション終了時、ダンス上昇+11（プロデュース中2回）

イベントによるパラメータ上昇+75%","初期ダンス上昇+62

ダンスSPレッスン発生率+21%

レッスンサポート発生率+91.5%

ダンスSPレッスン終了時、ダンス上昇+9

試験・オーディション終了時、ダンス上昇+17（プロデュース中2回）

イベントによるパラメータ上昇+75%","初期ダンス上昇+65

ダンスSPレッスン発生率+21%

レッスンサポート発生率+100.0%

ダンスSPレッスン終了時、ダンス上昇+13

試験・オーディション終了時、ダンス上昇+17（プロデュース中2回）

イベントによるパラメータ上昇+100%"
どりゃぎゃ,sense,Da,173,item,ダブルボトル,好調効果カード獲得時 Da+6,6,好調カード獲得時,30,--,49,,,DaSP率+21％,Daレス終了時Da+4,活動支給差し入れ選択時Da+11,,,,,4,,,,,,11,,,,,,,,,,,,,,,,,,,,,,,,,,,,,,,,,,,,,,,,,,21,,"初期ダンス上昇+37

ダンスSPレッスン発生率+10.5%

レッスンサポート発生率+59.2%

ダンスレッスン終了時、ダンス上昇+2

活動支給・差し入れ選択時、ダンス上昇+6

イベントによるパラメータ上昇+50%","初期ダンス上昇+40

ダンスSPレッスン発生率+21%

レッスンサポート発生率+69.4%

ダンスレッスン終了時、ダンス上昇+2

活動支給・差し入れ選択時、ダンス上昇+6

イベントによるパラメータ上昇+50%","初期ダンス上昇+43

ダンスSPレッスン発生率+21%

レッスンサポート発生率+79.6%

ダンスレッスン終了時、ダンス上昇+2

活動支給・差し入れ選択時、ダンス上昇+6

イベントによるパラメータ上昇+75%","初期ダンス上昇+46

ダンスSPレッスン発生率+21%

レッスンサポート発生率+89.8%

ダンスレッスン終了時、ダンス上昇+2

活動支給・差し入れ選択時、ダンス上昇+11

イベントによるパラメータ上昇+75%","初期ダンス上昇+49

ダンスSPレッスン発生率+21%

レッスンサポート発生率+100.0%

ダンスレッスン終了時、ダンス上昇+4

活動支給・差し入れ選択時、ダンス上昇+11

イベントによるパラメータ上昇+100%"
ごきげんような挨拶♪,sense,Vi,144,item,ごきげんようなレッスン,好調効果カード獲得時 Vi400以上の場合 体力回復4（プロデュース中5回）,,,30,--,,6.4,,ViSP率+21％,Pアイテム獲得時Vi+11（6回のみ）,スキル削除時Vi+8,,,,,,,,,,,,,,,,,,,8,,,,,,,,,,,,,,,,,,11,,,,,,,,,,,,,,,,,21,"ビジュアルパラメータボーナス+4.4%

ビジュアルSPレッスン発生率+10.5%

レッスンサポート発生率+59.2%

Pアイテム獲得時、ビジュアル上昇+6（プロデュース中6回）

スキルカード削除時、ビジュアル上昇+4

イベントによるパラメータ上昇+50%","ビジュアルパラメータボーナス+4.9%

ビジュアルSPレッスン発生率+21%

レッスンサポート発生率+69.4%

Pアイテム獲得時、ビジュアル上昇+6（プロデュース中6回）

スキルカード削除時、ビジュアル上昇+4

イベントによるパラメータ上昇+50%","ビジュアルパラメータボーナス+5.4%

ビジュアルSPレッスン発生率+21%

レッスンサポート発生率+79.6%

Pアイテム獲得時、ビジュアル上昇+6（プロデュース中6回）

スキルカード削除時、ビジュアル上昇+4

イベントによるパラメータ上昇+75%","ビジュアルパラメータボーナス+5.9%

ビジュアルSPレッスン発生率+21%

レッスンサポート発生率+89.8%

Pアイテム獲得時、ビジュアル上昇+6（プロデュース中6回）

スキルカード削除時、ビジュアル上昇+8

イベントによるパラメータ上昇+75%","ビジュアルパラメータボーナス+6.4%

ビジュアルSPレッスン発生率+21%

レッスンサポート発生率+100%

Pアイテム獲得時、ビジュアル上昇+11（プロデュース中6回）

スキルカード削除時、ビジュアル上昇+8

イベントによるパラメータ上昇+100%"
レディ・セット、ゴー！,sense,Vo,175,skill_card,奥義、受け流し！,パラメータ+4 集中が15以上の場合、次のターン、パラメータ+4（好調効果を2倍適用） 好調が12ターン以上の場合、2ターン後、パラメータ+4（集中効果を2倍適用）,,,40,ランダムカード強化,65,,,VoSP率+28％,Pアイテム獲得時Vo+15（6回のみ）,アクティブ強化時Vo+9,,,,,,,,,,,,,,,,,,,,,,,,,,,,,9,,,,,,,,15,,,,,,,,,,,,,,,28,,,"初期ボーカル上昇+52

ボーカルSPレッスン発生率+21%

レッスンサポート発生率+66.1%

Pアイテム獲得時、ボーカル上昇+11（プロデュース中6回）

アクティブスキルカード強化時、ボーカル上昇+7

イベントによるパラメータ上昇+50%","初期ボーカル上昇+55

ボーカルSPレッスン発生率+21%

レッスンサポート発生率+74.6%

Pアイテム獲得時、ボーカル上昇+11（プロデュース中6回）

アクティブスキルカード強化時、ボーカル上昇+7

イベントによるパラメータ上昇+75%","初期ボーカル上昇+59

ボーカルSPレッスン発生率+28%

レッスンサポート発生率+83.1%

Pアイテム獲得時、ボーカル上昇+11（プロデュース中6回）

アクティブスキルカード強化時、ボーカル上昇+7

イベントによるパラメータ上昇+75%","初期ボーカル上昇+62

ボーカルSPレッスン発生率+28%

レッスンサポート発生率+91.5%

Pアイテム獲得時、ボーカル上昇+15（プロデュース中6回）

アクティブスキルカード強化時、ボーカル上昇+7

イベントによるパラメータ上昇+75%","初期ボーカル上昇+65

ボーカルSPレッスン発生率+28%

レッスンサポート発生率+100%

Pアイテム獲得時、ボーカル上昇+15（プロデュース中6回）

アクティブスキルカード強化時、ボーカル上昇+9

イベントによるパラメータ上昇+100%"
かちこちストレッチ,logic,Vi,145,item,咲季オススメマット,好印象効果カード獲得時 Vi+6,6,好印象カード獲得時,30,--,,6.4,,レッスン終了時Pポイント+16.5％,ViSP終了時Vi+13,相談選択時Vi+14,,13,,,,,,,,,,,,14,,,,,,,,,,,,,,,,,,,,,,,,,,,,,,,,,,,,,,,,,"ビジュアルレッスンボーナス+4.4%

レッスン終了時、Pポイント獲得量増加+8.3%

レッスンサポート発生率+59.2%

ビジュアルSPレッスン終了時、ビジュアル上昇+7

相談選択時、ビジュアル上昇+7

イベントによるパラメータ上昇+50%","ビジュアルレッスンボーナス+4.9%

レッスン終了時、Pポイント獲得量増加+16.5%

レッスンサポート発生率+69.4%

ビジュアルSPレッスン終了時、ビジュアル上昇+7

相談選択時、ビジュアル上昇+7

イベントによるパラメータ上昇+50%","ビジュアルレッスンボーナス+5.4%

レッスン終了時、Pポイント獲得量増加+16.5%

レッスンサポート発生率+79.6%

ビジュアルSPレッスン終了時、ビジュアル上昇+7

相談選択時、ビジュアル上昇+7

イベントによるパラメータ上昇+75%","ビジュアルレッスンボーナス+5.9%

レッスン終了時、Pポイント獲得量増加+16.5%

レッスンサポート発生率+89.8%

ビジュアルSPレッスン終了時、ビジュアル上昇+7

相談選択時、ビジュアル上昇+14

イベントによるパラメータ上昇+75%","ビジュアルレッスンボーナス+6.4%

レッスン終了時、Pポイント獲得量増加+16.5%

レッスンサポート発生率+100.0%

ビジュアルSPレッスン終了時、ビジュアル上昇+13

相談選択時、ビジュアル上昇+14

イベントによるパラメータ上昇+100%"
盛り上げてこー！,free,Da,161,item,わいわいタンバリン,Daレッスン終了時 Da400以上の場合 体力回復6（プロデュース中3回）,,,40,ランダム「基本」チェンジ,65,,,DaSP率+21％,DaSP終了時Da+13,授業営業終了時Da+5,13,,,,,,,,,,,5,,,,,,,,,,,,,,,,,,,,,,,,,,,,,,,,,,,,,,,,,21,,"初期ダンス上昇+52

ダンスSPレッスン発生率+14%

レッスンサポート発生率+66.1%

ダンスSPレッスン終了時、ダンス上昇+9

授業・営業終了時、ダンス上昇+4

イベントによるパラメータ上昇+50%","初期ダンス上昇+55

ダンスSPレッスン発生率+14%

レッスンサポート発生率+74.6%

ダンスSPレッスン終了時、ダンス上昇+9

授業・営業終了時、ダンス上昇+4

イベントによるパラメータ上昇+75%","初期ダンス上昇+59

ダンスSPレッスン発生率+21%

レッスンサポート発生率+83.1%

ダンスSPレッスン終了時、ダンス上昇+9

授業・営業終了時、ダンス上昇+4

イベントによるパラメータ上昇+75%","初期ダンス上昇+62

ダンスSPレッスン発生率+21%

レッスンサポート発生率+91.5%

ダンスSPレッスン終了時、ダンス上昇+9

授業・営業終了時、ダンス上昇+5

イベントによるパラメータ上昇+75%","初期ダンス上昇+65

ダンスSPレッスン発生率+21%

レッスンサポート発生率+100.0%

ダンスSPレッスン終了時、ダンス上昇+13

授業・営業終了時、ダンス上昇+5

イベントによるパラメータ上昇+100%"
ひとりごとです,anomaly,Vi,186,item,思い出カタメコイメ,授業・営業終了時 Vi700以上の場合 スキルカードを選択して削除 ハッピー♪を獲得（プロデュース中2回）,,,40,ランダム「基本」チェンジ,65,,,スキルチェンジ時Vi+21（3回のみ）,ViSP終了時Vi+17,アクティブ削除時Vi+22（3回のみ）,,17,,,,,,,,,,,,,,,,,,,,,,21,,,,,,22,,,,,,,,,,,,,,,,,,,,,,,,,"初期ビジュアル上昇+52

スキルカードチェンジ時、ビジュアル上昇+16(プロデュース中3回)

レッスンサポート発生率+66.1%

ビジュアルSPレッスン終了時、ビジュアル上昇+13

アクティブスキルカード削除時、ビジュアル上昇+17(プロデュース中3回)

イベントによるパラメータ上昇+50%","初期ビジュアル上昇+55

スキルカードチェンジ時、ビジュアル上昇+16(プロデュース中3回)

レッスンサポート発生率+74.6%

ビジュアルSPレッスン終了時、ビジュアル上昇+13

アクティブスキルカード削除時、ビジュアル上昇+17(プロデュース中3回)

イベントによるパラメータ上昇+75%","初期ビジュアル上昇+59

スキルカードチェンジ時、ビジュアル上昇+21(プロデュース中3回)

レッスンサポート発生率+83.1%

ビジュアルSPレッスン終了時、ビジュアル上昇+13

アクティブスキルカード削除時、ビジュアル上昇+17(プロデュース中3回)

イベントによるパラメータ上昇+75%","初期ビジュアル上昇+62

スキルカードチェンジ時、ビジュアル上昇+21(プロデュース中3回)

レッスンサポート発生率+91.5%

ビジュアルSPレッスン終了時、ビジュアル上昇+17

アクティブスキルカード削除時、ビジュアル上昇+17(プロデュース中3回)

イベントによるパラメータ上昇+75%","初期ビジュアル上昇+65

スキルカードチェンジ時、ビジュアル上昇+21(プロデュース中3回)

レッスンサポート発生率+100.0%

ビジュアルSPレッスン終了時、ビジュアル上昇+17

アクティブスキルカード削除時、ビジュアル上昇+22(プロデュース中3回)

イベントによるパラメータ上昇+100%"
師弟の修行,logic,Vi,181,item,落ち葉つかみの型,特別指導開始時 Vi400以上の場合 Vi+30（プロデュース中2回）,60,,30,--,,6.4,,スキルカスタム時Vi+8（6回のみ）,ViSP終了時Vi+13,やる気カード獲得時Vi+3,,13,,,,,,,,,,,,,,,,,,,,,8,,,,,,,,,,,,,3,,,,,,,,,,,,,,,,,,,"ビジュアルパラメータボーナス+4.4%

スキルカードカスタマイズ時、ビジュアル上昇+5(プロデュース中6回)

レッスンサポート発生率+59.2%

ビジュアルSPレッスン終了時、ビジュアル上昇+7

やる気効果のスキルカード獲得時、ビジュアル上昇+2

イベントによるパラメータ上昇+50%","ビジュアルパラメータボーナス+4.9%

スキルカードカスタマイズ時、ビジュアル上昇+8(プロデュース中6回)

レッスンサポート発生率+69.4%

ビジュアルSPレッスン終了時、ビジュアル上昇+7

やる気効果のスキルカード獲得時、ビジュアル上昇+2

イベントによるパラメータ上昇+50%","ビジュアルパラメータボーナス+5.4%

スキルカードカスタマイズ時、ビジュアル上昇+8(プロデュース中6回)

レッスンサポート発生率+79.6%

ビジュアルSPレッスン終了時、ビジュアル上昇+7

やる気効果のスキルカード獲得時、ビジュアル上昇+2

イベントによるパラメータ上昇+75%","ビジュアルパラメータボーナス+5.9%

スキルカードカスタマイズ時、ビジュアル上昇+8(プロデュース中6回)

レッスンサポート発生率+89.8%

ビジュアルSPレッスン終了時、ビジュアル上昇+7

やる気効果のスキルカード獲得時、ビジュアル上昇+3

イベントによるパラメータ上昇+75%","ビジュアルパラメータボーナス+6.4%

スキルカードカスタマイズ時、ビジュアル上昇+8(プロデュース中6回)

レッスンサポート発生率+100.0%

ビジュアルSPレッスン終了時、ビジュアル上昇+13

やる気効果のスキルカード獲得時、ビジュアル上昇+3

イベントによるパラメータ上昇+100%"
ふわふわでワクワク,free,Da,155,item,ふわふわでもこもこ,DaSP終了時 ランダムPドリンク2つ,,,30,--,,6.4,,DaSP率+21％,DaSP終了時Da+13,試験・オデ終了時Da+17（2回のみ）,13,,,,,,,,,,,,,,,,17,,,,,,,,,,,,,,,,,,,,,,,,,,,,,,,,,,,,21,,"ダンスパラメータボーナス+4.4%

ダンスSPレッスン発生率+10.5%

レッスンサポート発生率+59.2%

ダンスSPレッスン終了時、ダンス上昇+7

試験・オーディション終了時、ダンス上昇+9（プロデュース中2回）

イベントによるパラメータ上昇+50%","ダンスパラメータボーナス+4.9%

ダンスSPレッスン発生率+21%

レッスンサポート発生率+69.4%

ダンスSPレッスン終了時、ダンス上昇+7

試験・オーディション終了時、ダンス上昇+9（プロデュース中2回）

イベントによるパラメータ上昇+50%","ダンスパラメータボーナス+5.4%

ダンスSPレッスン発生率+21%

レッスンサポート発生率+79.6%

ダンスSPレッスン終了時、ダンス上昇+7

試験・オーディション終了時、ダンス上昇+9（プロデュース中2回）

イベントによるパラメータ上昇+75%","ダンスパラメータボーナス+5.9%

ダンスSPレッスン発生率+21%

レッスンサポート発生率+89.8%

ダンスSPレッスン終了時、ダンス上昇+7

試験・オーディション終了時、ダンス上昇+17（プロデュース中2回）

イベントによるパラメータ上昇+75%","ダンスパラメータボーナス+6.4%

ダンスSPレッスン発生率+21%

レッスンサポート発生率+100.0%

ダンスSPレッスン終了時、ダンス上昇+13

試験・オーディション終了時、ダンス上昇+17（プロデュース中2回）

イベントによるパラメータ上昇+100%"
今はあえて、背を向けて,free,Vo,64,item,美鈴からの贈り物,VoSP終了時 Vo400以上の場合 ランダム強化,,,30,--,,6.4,,VoSP率+21％,VoSP終了時Vo+13,試験・オデ終了時Vo+17（2回のみ）,,,13,,,,,,,,,,,,,,17,,,,,,,,,,,,,,,,,,,,,,,,,,,,,,,,,,,21,,,"ボーカルパラメータボーナス+4.4%

ボーカルSPレッスン発生率+10.5%

レッスンサポート発生率+59.2%

ボーカルSPレッスン終了時、ボーカル上昇+7

試験・オーディション終了時、ボーカル上昇+9（プロデュース中2回）

イベントによるパラメータ上昇+50%","ボーカルパラメータボーナス+4.9%

ボーカルSPレッスン発生率+21%

レッスンサポート発生率+69.4%

ボーカルSPレッスン終了時、ボーカル上昇+7

試験・オーディション終了時、ボーカル上昇+9（プロデュース中2回）

イベントによるパラメータ上昇+50%","ボーカルパラメータボーナス+5.4%

ボーカルSPレッスン発生率+21%

レッスンサポート発生率+79.6%

ボーカルSPレッスン終了時、ボーカル上昇+7

試験・オーディション終了時、ボーカル上昇+9（プロデュース中2回）

イベントによるパラメータ上昇+75%","ボーカルパラメータボーナス+5.9%

ボーカルSPレッスン発生率+21%

レッスンサポート発生率+89.8%

ボーカルSPレッスン終了時、ボーカル上昇+7

試験・オーディション終了時、ボーカル上昇+17（プロデュース中2回）

イベントによるパラメータ上昇+75%","ボーカルパラメータボーナス+6.4%

ボーカルSPレッスン発生率+21%

レッスンサポート発生率+100.0%

ボーカルSPレッスン終了時、ボーカル上昇+13

試験・オーディション終了時、ボーカル上昇+17（プロデュース中2回）

イベントによるパラメータ上昇+100%"
大運動会、開催っ！,free,Vo,166,skill_card,勝利をつかめ！,体力-4 次に使用したスキルカードの消費体力を0にする（1回） スキルカードを引く スキルカード使用数追加+1,,,40,ランダム「基本」チェンジ,65,,,SP終了時体力回復4,授業営業終了時Vo+7,SP終了時デッキ20枚以上Vo+21（4回のみ）,,,,,,,,,,21,,7,,,,,,,,,,,,,,,,,,,,,,,,,,,,,,,,,,,,,,,,,,,"初期ボーカル上昇+52

SPレッスン終了時、体力回復+3

レッスンサポート発生率+66.1%

授業・営業終了時、ボーカル上昇+5

SPレッスン終了時、所持スキルカードが20枚以上の場合、

ボーカル上昇+15（プロデュース中4回）

イベントによるパラメータ上昇+50%","初期ボーカル上昇+55

SPレッスン終了時、体力回復+3

レッスンサポート発生率+74.6%

授業・営業終了時、ボーカル上昇+5

SPレッスン終了時、所持スキルカードが20枚以上の場合、

ボーカル上昇+15（プロデュース中4回）

イベントによるパラメータ上昇+75%","初期ボーカル上昇+59

SPレッスン終了時、体力回復+4

レッスンサポート発生率+83.1%

授業・営業終了時、ボーカル上昇+5

SPレッスン終了時、所持スキルカードが20枚以上の場合、

ボーカル上昇+15（プロデュース中4回）

イベントによるパラメータ上昇+75%","初期ボーカル上昇+62

SPレッスン終了時、体力回復+4

レッスンサポート発生率+91.5%

授業・営業終了時、ボーカル上昇+7

SPレッスン終了時、所持スキルカードが20枚以上の場合、

ボーカル上昇+15（プロデュース中4回）

イベントによるパラメータ上昇+75%","初期ボーカル上昇+65

SPレッスン終了時、体力回復+4

レッスンサポート発生率+100.0%

授業・営業終了時、ボーカル上昇+7

SPレッスン終了時、所持スキルカードが20枚以上の場合、

ボーカル上昇+21（プロデュース中4回）

イベントによるパラメータ上昇+100%"
すっかり秋色ですわね！,sense,Vo,165,item,つやつやでふさふさ,活動支給・差し入れ選択時 Vo700以上の場合 スキルカードを2枚まで選択して強化（プロデュース中1回）,,,40,ランダムカード強化,65,,,VoSP率+28％,好調カード獲得時Vo+4,活動支給差し入れ選択時Vo+17,,,,,,,,,,,17,,,,,,,,,,,,,,,,,,,,,,,4,,,,,,,,,,,,,,,,,,28,,,"初期ボーカル上昇+52

ボーカルSPレッスン発生率+21%

レッスンサポート発生率+66.1%

好調効果のスキルカード獲得時、ボーカル上昇+3

活動支給・差し入れ選択時、ボーカル上昇+12

イベントによるパラメータ上昇+50%","初期ボーカル上昇+55

ボーカルSPレッスン発生率+21%

レッスンサポート発生率+74.6%

好調効果のスキルカード獲得時、ボーカル上昇+3

活動支給・差し入れ選択時、ボーカル上昇+12

イベントによるパラメータ上昇+50%","初期ボーカル上昇+59

ボーカルSPレッスン発生率+21%

レッスンサポート発生率+83.1%

好調効果のスキルカード獲得時、ボーカル上昇+3

活動支給・差し入れ選択時、ボーカル上昇+12

イベントによるパラメータ上昇+75%","初期ボーカル上昇+62

ボーカルSPレッスン発生率+28%

レッスンサポート発生率+91.5%

好調効果のスキルカード獲得時、ボーカル上昇+4

活動支給・差し入れ選択時、ボーカル上昇+12

イベントによるパラメータ上昇+75%","初期ボーカル上昇+65

ボーカルSPレッスン発生率+28%

レッスンサポート発生率+100.0%

好調効果のスキルカード獲得時、ボーカル上昇+4

活動支給・差し入れ選択時、ボーカル上昇+17

イベントによるパラメータ上昇+100%"
どんな関係なんですか？,logic,Vo,165,item,手作りサブスク弁当,Voターン 元気が30以上の場合 好印象+4 やる気+4 元気+2（レッスン内1回）,,,40,ランダムカード強化,65,,,VoSP率+28％,元気カード獲得時Vo+4,活動支給差し入れ選択時Vo+17,,,,,,,,,,,17,,,,,,,,,,,,,,,,,,,,,,4,,,,,,,,,,,,,,,,,,,28,,,"初期ボーカル上昇+52

ボーカルSPレッスン発生率+21%

レッスンサポート発生率+66.1%

元気効果のスキルカード獲得時、ボーカル上昇+3

活動支給・差し入れ選択時、ボーカル上昇+12

イベントによるパラメータ上昇+50%","初期ボーカル上昇+55

ボーカルSPレッスン発生率+21%

レッスンサポート発生率+74.6%

元気効果のスキルカード獲得時、ボーカル上昇+3

活動支給・差し入れ選択時、ボーカル上昇+12

イベントによるパラメータ上昇+75%","初期ボーカル上昇+59

ボーカルSPレッスン発生率+28%

レッスンサポート発生率+83.1%

元気効果のスキルカード獲得時、ボーカル上昇+3

活動支給・差し入れ選択時、ボーカル上昇+12

イベントによるパラメータ上昇+75%","初期ボーカル上昇+62

ボーカルSPレッスン発生率+28%

レッスンサポート発生率+91.5%

元気効果のスキルカード獲得時、ボーカル上昇+4

活動支給・差し入れ選択時、ボーカル上昇+12

イベントによるパラメータ上昇+75%","初期ボーカル上昇+65

ボーカルSPレッスン発生率+28%

レッスンサポート発生率+100.0%

元気効果のスキルカード獲得時、ボーカル上昇+4

活動支給・差し入れ選択時、ボーカル上昇+17

イベントによるパラメータ上昇+100%"
むず×2ふぁっしょんしょー,sense,Da,151,item,お似合いネクタイ,活動支給・差し入れ選択時 Da700以上の場合 体力回復5 Pポイント+30（プロデュース中2回）,,,30,--,,6.4,,DaSP終了時体力回復5,DaSP終了時Da+13,集中カード獲得時Da+3,13,,,,,,,,,,,,,,,,,,,,,,,,,,,,,,,,,,3,,,,,,,,,,,,,,,,,,,,"ダンスパラメータボーナス+4.9%

ダンスSPレッスン終了時、体力回復5

レッスンサポート発生率+59.2%

ダンスSPレッスン終了時、ダンス上昇+7

集中効果のスキルカード獲得時、ダンス上昇+2

イベントによるパラメータ上昇+50%","ダンスパラメータボーナス+5.4%

ダンスSPレッスン終了時、体力回復5

レッスンサポート発生率+69.4%

ダンスSPレッスン終了時、ダンス上昇+7

集中効果のスキルカード獲得時、ダンス上昇+2

イベントによるパラメータ上昇+50%","ダンスパラメータボーナス+5.9%

ダンスSPレッスン終了時、体力回復5

レッスンサポート発生率+79.6%

ダンスSPレッスン終了時、ダンス上昇+7

集中効果のスキルカード獲得時、ダンス上昇+2

イベントによるパラメータ上昇+75%","ダンスパラメータボーナス+6.4%

ダンスSPレッスン終了時、体力回復5

レッスンサポート発生率+89.8%

ダンスSPレッスン終了時、ダンス上昇+7

集中効果のスキルカード獲得時、ダンス上昇+3

イベントによるパラメータ上昇+75%","ダンスパラメータボーナス+6.4%

ダンスSPレッスン終了時、体力回復5

レッスンサポート発生率+100.0%

ダンスSPレッスン終了時、ダンス上昇+13

集中効果のスキルカード獲得時、ダンス上昇+3

イベントによるパラメータ上昇+100%"
スパルタ＆スパイス,anomaly,Vo,60,item,ビシッバシッ竹刀,特別指導開始時 Vo700以上の場合 ランダムなトラブルカードを削除 Pポイント+40（プロデュース中1回）,,,30,--,,6.4,,初期Pポイント+30,VoSP終了時Vo+13,温存カード獲得時Vo+3,,,13,,,,,,,,,,,,,,,,,,,,,,,,,,,,,3,,,,,,,,,,,,,,,,,,,,,,,"ボーカルパラメータボーナス+4.4%

初期Pポイント+15

レッスンサポート発生率+59.2%

ボーカルSPレッスン終了時、ボーカル上昇+7

温存効果のスキルカード獲得時、ボーカル上昇+2

イベントによるパラメータ上昇+50%","ボーカルパラメータボーナス+4.9%

初期Pポイント+30

レッスンサポート発生率+69.4%

ボーカルSPレッスン終了時、ボーカル上昇+7

温存効果のスキルカード獲得時、ボーカル上昇+2

イベントによるパラメータ上昇+50%","ボーカルパラメータボーナス+5.4%

初期Pポイント+30

レッスンサポート発生率+79.6%

ボーカルSPレッスン終了時、ボーカル上昇+7

温存効果のスキルカード獲得時、ボーカル上昇+2

イベントによるパラメータ上昇+75%","ボーカルパラメータボーナス+5.9%

初期Pポイント+30

レッスンサポート発生率+89.8%

ボーカルSPレッスン終了時、ボーカル上昇+7

温存効果のスキルカード獲得時、ボーカル上昇+3

イベントによるパラメータ上昇+75%","ボーカルパラメータボーナス+6.4%

初期Pポイント+30

レッスンサポート発生率+100.0%

ボーカルSPレッスン終了時、ボーカル上昇+13

温存効果のスキルカード獲得時、ボーカル上昇+3

イベントによるパラメータ上昇+100%"
洗濯物のバランスタワー,sense,Da,164,item,お洗濯の必需品,好調効果カード獲得時 Da400以上の場合 ランダムなトラブルカードを削除 体力回復5（プロデュース中1回）,,,30,--,,6.4,,スキル獲得時Da+2,Pアイテム獲得時Da+11（6回のみ）,スキルチェンジ時Da+16（3回のみ）,,,,,,,,,,,,,,,,,,,,,,2,,16,,,,,,,,,,,,,11,,,,,,,,,,,,,,,,,,"ダンスパラメータボーナス+4.4%

スキルカード獲得時、ダンス上昇+1

レッスンサポート発生率+59.2%

Pアイテム獲得時、ダンス上昇+6（プロデュース中6回）

スキルカードチェンジ時、ダンス上昇+8（プロデュース中3回）

イベントによるパラメータ上昇+50%","ダンスパラメータボーナス+4.9%

スキルカード獲得時、ダンス上昇+2

レッスンサポート発生率+69.4%

Pアイテム獲得時、ダンス上昇+6（プロデュース中6回）

スキルカードチェンジ時、ダンス上昇+8（プロデュース中3回）

イベントによるパラメータ上昇+50%","ダンスパラメータボーナス+5.4%

スキルカード獲得時、ダンス上昇+2

レッスンサポート発生率+79.6%

Pアイテム獲得時、ダンス上昇+6（プロデュース中6回）

スキルカードチェンジ時、ダンス上昇+8（プロデュース中3回）

イベントによるパラメータ上昇+75%","ダンスパラメータボーナス+5.9%

スキルカード獲得時、ダンス上昇+2

レッスンサポート発生率+89.8%

Pアイテム獲得時、ダンス上昇+6（プロデュース中6回）

スキルカードチェンジ時、ダンス上昇+16（プロデュース中3回）

イベントによるパラメータ上昇+75%","ダンスパラメータボーナス+6.4%

スキルカード獲得時、ダンス上昇+2

レッスンサポート発生率+100%

Pアイテム獲得時、ダンス上昇+11（プロデュース中6回）

スキルカードチェンジ時、ダンス上昇+16（プロデュース中3回）

イベントによるパラメータ上昇+100%"
興味深い飲み物,sense,Vo,60,skill_card,気になる……,体力-5 集中+4 集中3以上の場合 次ターン、手札をレッスン中強化,,,30,--,49,,,VoSP率+21％,VoSP終了時Vo+13,授業営業終了時Vo+5,,,13,,,,,,,,,5,,,,,,,,,,,,,,,,,,,,,,,,,,,,,,,,,,,,,,,,21,,,"初期ボーカル上昇+37

ボーカルSPレッスン発生率+10.5%

レッスンサポート発生率+59.2%

ボーカルSPレッスン終了時、ボーカル上昇+7

授業・営業終了時、ボーカル上昇+3

イベントによるパラメータ上昇+50%","初期ボーカル上昇+40

ボーカルSPレッスン発生率+10.5%

レッスンサポート発生率+69.4%

ボーカルSPレッスン終了時、ボーカル上昇+7

授業・営業終了時、ボーカル上昇+3

イベントによるパラメータ上昇+50%","初期ボーカル上昇+43

ボーカルSPレッスン発生率+21%

レッスンサポート発生率+79.6%

ボーカルSPレッスン終了時、ボーカル上昇+7

授業・営業終了時、ボーカル上昇+3

イベントによるパラメータ上昇+75%","初期ボーカル上昇+46

ボーカルSPレッスン発生率+21%

レッスンサポート発生率+89.8%

ボーカルSPレッスン終了時、ボーカル上昇+7

授業・営業終了時、ボーカル上昇+5

イベントによるパラメータ上昇+75%","初期ボーカル上昇+49

ボーカルSPレッスン発生率+21%

レッスンサポート発生率+100.0%

ボーカルSPレッスン終了時、ボーカル上昇+13

授業・営業終了時、ボーカル上昇+5

イベントによるパラメータ上昇+100%"
さあ、もう一戦！,free,Vo,60,skill_card,勝負はこれから！,体力-4 パラメータ+2 元気+2 消費体力減少3ターン 次のターン、スキルカードを引く,,,40,ランダム「基本」チェンジ,,8.5,,VoSP終了時体力回復5,VoSP終了時Vo+13,メンタル獲得時Vo+2,,,13,,,,,,,,,,,,,,,,,,,,,,2,,,,,,,,,,,,,,,,,,,,,,,,,,,,,,"ボーカルパラメータボーナス+6.5%

ボーカルSPレッスン終了時、体力回復4

レッスンサポート発生率+66.1%

ボーカルSPレッスン終了時、ボーカル上昇+9

メンタルスキルカード獲得時、ボーカル上昇+1

イベントによるパラメータ上昇+50%","ボーカルパラメータボーナス+7.0%

ボーカルSPレッスン終了時、体力回復4

レッスンサポート発生率+74.6%

ボーカルSPレッスン終了時、ボーカル上昇+9

メンタルスキルカード獲得時、ボーカル上昇+1

イベントによるパラメータ上昇+75%","ボーカルパラメータボーナス+7.5%

ボーカルSPレッスン終了時、体力回復5

レッスンサポート発生率+83.1%

ボーカルSPレッスン終了時、ボーカル上昇+9

メンタルスキルカード獲得時、ボーカル上昇+1

イベントによるパラメータ上昇+75%","ボーカルパラメータボーナス+8.0%

ボーカルSPレッスン終了時、体力回復5

レッスンサポート発生率+91.5%

ボーカルSPレッスン終了時、ボーカル上昇+9

メンタルスキルカード獲得時、ボーカル上昇+2

イベントによるパラメータ上昇+75%","ボーカルパラメータボーナス+8.5%

ボーカルSPレッスン終了時、体力回復5

レッスンサポート発生率+100.0%

ボーカルSPレッスン終了時、ボーカル上昇+13

メンタルスキルカード獲得時、ボーカル上昇+2

イベントによるパラメータ上昇+100%"
長旅おつかれさま！,sense,Vi,164,item,夢を叶えるために,Viターン ターン開始時 除外7枚以上の場合 好調1ターン,,,40,ランダムカード強化,65,,,ViSP率+28％,好調カード獲得時Vi+4,SP終了時デッキ20枚以上Vi+21（4回のみ）,,,,,,,,,,21,,,,,,,,,,,,,,,,,,,,,,,,4,,,,,,,,,,,,,,,,,,,,28,,,,,
絶対にお渡ししますわっ！,logic,Vo,55,item,お姉さまビッグラブ,Voターン Aカード使用時 パラメータ上昇量増加50%（1ターン） 元気+2（やる気を1.3倍適用）（レッスン内1回）,,,40,ランダム「基本」チェンジ,65,,,VoSP率+28％,Voレス終了時Vo+6,お出かけ終了時Vo+15,,,,6,,,,,,,,,15,,,,,,,,,,,,,,,,,,,,,,,,,,,,,,,,,,,,,,,28,,,"初期ボーカル上昇+52

ボーカルSPレッスン発生率+21%

レッスンサポート発生率+66.1%

ボーカルレッスン終了時、ボーカル上昇+4

お出かけ終了時、ボーカル上昇+11

イベントによるパラメータ上昇+50%","初期ボーカル上昇+55

ボーカルSPレッスン発生率+21%

レッスンサポート発生率+74.6%

ボーカルレッスン終了時、ボーカル上昇+4

お出かけ終了時、ボーカル上昇+11

イベントによるパラメータ上昇+75%","初期ボーカル上昇+59

ボーカルSPレッスン発生率+28%

レッスンサポート発生率+83.1%

ボーカルレッスン終了時、ボーカル上昇+4

お出かけ終了時、ボーカル上昇+11

イベントによるパラメータ上昇+75%","初期ボーカル上昇+62

ボーカルSPレッスン発生率+28%

レッスンサポート発生率+91.5%

ボーカルレッスン終了時、ボーカル上昇+6

お出かけ終了時、ボーカル上昇+11

イベントによるパラメータ上昇+75%","初期ボーカル上昇+65

ボーカルSPレッスン発生率+28%

レッスンサポート発生率+100.0%

ボーカルレッスン終了時、ボーカル上昇+6

お出かけ終了時、ボーカル上昇+15

イベントによるパラメータ上昇+100%"
ひたむき居残りレッスン,free,Vi,90,none,,,10,,40,,33,,,初期Pポイント+20,Vi通常終了時Vi+9,活動支給差し入れ選択時Vi+8,,,,,,,,,9,,8,,,,,,,,,,,,,,,,,,,,,,,,,,,,,,,,,,,,,,,,,,,,"初期ビジュアル上昇+23

初期Pポイント+20

レッスンサポート発生率+48.7%

ビジュアル通常レッスン終了時、ビジュアル上昇+5

活動支給・差し入れ選択時、ビジュアル上昇+4","初期ビジュアル上昇+26

初期Pポイント+20

レッスンサポート発生率+61.5%

ビジュアル通常レッスン終了時、ビジュアル上昇+5

活動支給・差し入れ選択時、ビジュアル上昇+4

イベントによるパラメータ上昇+50%","初期ビジュアル上昇+28

初期Pポイント+20

レッスンサポート発生率+74.4%

ビジュアル通常レッスン終了時、ビジュアル上昇+5

活動支給・差し入れ選択時、ビジュアル上昇+8

イベントによるパラメータ上昇+50%","初期ビジュアル上昇+31

初期Pポイント+20

レッスンサポート発生率+87.2%

ビジュアル通常レッスン終了時、ビジュアル上昇+5

活動支給・差し入れ選択時、ビジュアル上昇+8

イベントによるパラメータ上昇+75%","初期ビジュアル上昇+33

初期Pポイント+20

レッスンサポート発生率+100%

ビジュアル通常レッスン終了時、ビジュアル上昇+9

活動支給・差し入れ選択時、ビジュアル上昇+8

イベントによるパラメータ上昇+100%"
わたしのペースで,free,Vo,90,none,,,10,,40,,,4.3,,初期Pポイント+20,Vo通常終了時Vo+9,活動支給差し入れ選択時Vo+8,,,,,,,9,,,,8,,,,,,,,,,,,,,,,,,,,,,,,,,,,,,,,,,,,,,,,,,,,"ボーカルパラメータボーナス+2.8%

初期Pポイント+20

レッスンサポート発生率+48.7%

ボーカル通常レッスン終了時、ボーカル上昇+5

活動支給・差し入れ選択時、ボーカル上昇+4","ボーカルパラメータボーナス+3.2%

初期Pポイント+20

レッスンサポート発生率+61.5%

ボーカル通常レッスン終了時、ボーカル上昇+5

活動支給・差し入れ選択時、ボーカル上昇+4

イベントによるパラメータ上昇+50%","ボーカルパラメータボーナス+3.6%

初期Pポイント+20

レッスンサポート発生率+74.4%

ボーカル通常レッスン終了時、ボーカル上昇+5

活動支給・差し入れ選択時、ボーカル上昇+8

イベントによるパラメータ上昇+50%","ボーカルパラメータボーナス+4.0%

初期Pポイント+20

レッスンサポート発生率+87.2%

ボーカル通常レッスン終了時、ボーカル上昇+5

活動支給・差し入れ選択時、ボーカル上昇+8

イベントによるパラメータ上昇+75%","ボーカルパラメータボーナス+4.3%

初期Pポイント+20

レッスンサポート発生率+100%

ボーカル通常レッスン終了時、ボーカル上昇+9

活動支給・差し入れ選択時、ボーカル上昇+8

イベントによるパラメータ上昇+100%"
憧れを目指して,free,Da,90,none,,,10,,40,,33,,,初期Pポイント+20,Da通常終了時Da+9,活動支給差し入れ選択時Da+8,,,,,,,,9,,,8,,,,,,,,,,,,,,,,,,,,,,,,,,,,,,,,,,,,,,,,,,,,"初期ダンス上昇+23

初期Pポイント+20

レッスンサポート発生率+48.7%

ダンス通常レッスン終了時、ダンス上昇+5

活動支給・差し入れ選択時、ダンス上昇+4","初期ダンス上昇+26

初期Pポイント+20

レッスンサポート発生率+61.5%

ダンス通常レッスン終了時、ダンス上昇+5

活動支給・差し入れ選択時、ダンス上昇+4

イベントによるパラメータ上昇+50%","初期ダンス上昇+28

初期Pポイント+20

レッスンサポート発生率+74.4%

ダンス通常レッスン終了時、ダンス上昇+5

活動支給・差し入れ選択時、ダンス上昇+8

イベントによるパラメータ上昇+50%","初期ダンス上昇+31

初期Pポイント+20

レッスンサポート発生率+87.2%

ダンス通常レッスン終了時、ダンス上昇+5

活動支給・差し入れ選択時、ダンス上昇+8

イベントによるパラメータ上昇+75%","初期ダンス上昇+33

初期Pポイント+20

レッスンサポート発生率+100%

ダンス通常レッスン終了時、ダンス上昇+9

活動支給・差し入れ選択時、ダンス上昇+8

イベントによるパラメータ上昇+100%"
私を楽しませろ,logic,Da,161,skill_card,お手並み拝見,体力-6 やる気+4 手札を全て入れ替える スキルカードを引く スキルカード使用数追加+1（レッスン中1回）,,,40,ランダムカード強化,,8.5,,DaSP率+28％,活動支給差し入れ選択時Da+38（2回のみ）,メンタル強化時Da+9,,,,,,,,,,,,,,,,,,,,,,,,,,9,,,,,,,,,,,,,,,,,,,,,,38,,,,,28,,,,,,
……騒々しいお祭りね,sense,Vi,139,item,想定外のチケット,Viターン ターン開始後、好調が10ターン以上の場合、好調3ターン 山札か捨札のアイドル固有スキル1枚を手札に移動 スキルカード使用数追加+1（レッスン内1回）,,,40,ランダムカード強化,,8.5,,試験・オデ終了時Vi+22（2回のみ）,お出かけ終了時Vi+38（2回のみ）,ViSP終了時Vi+17,,17,,,,,,,,,,,,,,,22,,,,,,,,,,,,,,,,,,,,,,,,,,,,,,,,,38,,,,,,,,,
ちべたなひととき,sense,Vi,141,item,ふっかつのアイス,集中効果カード獲得時 Vi700以上の場合 ランダムなトラブルカードを削除 Vi+30（プロデュース中1回）,30,,30,--,49,,,スキル獲得時Vi+2,ViSP終了時Vi+13,スキル削除時Vi+8,,13,,,,,,,,,,,,,,,,,8,,,2,,,,,,,,,,,,,,,,,,,,,,,,,,,,,,,,,"初期ビジュアル上昇+37

スキルカード獲得時、ビジュアル上昇+1

レッスンサポート発生率+59.2%

ビジュアルSPレッスン終了時、ビジュアル上昇+7

スキルカード削除時、ビジュアル上昇+4

イベントによるパラメータ上昇+50%","初期ビジュアル上昇+40

スキルカード獲得時、ビジュアル上昇+2

レッスンサポート発生率+69.4%

ビジュアルSPレッスン終了時、ビジュアル上昇+7

スキルカード削除時、ビジュアル上昇+4

イベントによるパラメータ上昇+50%","初期ビジュアル上昇+43

スキルカード獲得時、ビジュアル上昇+2

レッスンサポート発生率+79.6%

ビジュアルSPレッスン終了時、ビジュアル上昇+7

スキルカード削除時、ビジュアル上昇+4

イベントによるパラメータ上昇+75%","初期ビジュアル上昇+46

スキルカード獲得時、ビジュアル上昇+2

レッスンサポート発生率+89.8%

ビジュアルSPレッスン終了時、ビジュアル上昇+7

スキルカード削除時、ビジュアル上昇+8

イベントによるパラメータ上昇+75%","初期ビジュアル上昇+49

スキルカード獲得時、ビジュアル上昇+2

レッスンサポート発生率+100.0%

ビジュアルSPレッスン終了時、ビジュアル上昇+13

スキルカード削除時、ビジュアル上昇+8

イベントによるパラメータ上昇+100%"
会長、準備は万端です,logic,Vi,100,none,,,,,40,ランダムカード強化,,8.5,,初期Pポイント+40,メンタル強化時Vi+9,お出かけ終了時Vi+15,,,,,,,,,,,,,15,,,,,,,,,,,,,9,,,,,,,,,,,,,,,,,,,,,,,,,,,,,"ビジュアルレッスンボーナス+6.5%

初期Pポイント+30

レッスンサポート発生率+66.1%

メンタルスキルカード強化時、ビジュアル上昇+7

お出かけ終了時、ビジュアル上昇+11

イベントによるパラメータ上昇+50%","ビジュアルレッスンボーナス+7.0%

初期Pポイント+30

レッスンサポート発生率+74.6%

メンタルスキルカード強化時、ビジュアル上昇+7

お出かけ終了時、ビジュアル上昇+11

イベントによるパラメータ上昇+50%","ビジュアルレッスンボーナス+7.5%

初期Pポイント+30

レッスンサポート発生率+83.1%

メンタルスキルカード強化時、ビジュアル上昇+7

お出かけ終了時、ビジュアル上昇+11

イベントによるパラメータ上昇+75%","ビジュアルレッスンボーナス+8.0%

初期Pポイント+40

レッスンサポート発生率+91.5%

メンタルスキルカード強化時、ビジュアル上昇+7

お出かけ終了時、ビジュアル上昇+11

イベントによるパラメータ上昇+75%","ビジュアルレッスンボーナス+8.5%

初期Pポイント+40

レッスンサポート発生率+100.0%

メンタルスキルカード強化時、ビジュアル上昇+9

お出かけ終了時、ビジュアル上昇+15

イベントによるパラメータ上昇+100%"
頼れる先輩お姉さん,free,Vi,57,none,,,10,,40,,,4.3,,初期Pポイント+20,Vi通常終了時Vi+9,お出かけ終了時Vi+7,,,,,,,,,9,,,,7,,,,,,,,,,,,,,,,,,,,,,,,,,,,,,,,,,,,,,,,,,"ビジュアルレッスンボーナス+2.8%

初期Pポイント+20

レッスンサポート発生率+48.7%

ビジュアル通常レッスン終了時、ビジュアル上昇+5

お出かけ終了時、ビジュアル上昇+4","ビジュアルレッスンボーナス+3.2%

初期Pポイント+20

レッスンサポート発生率+61.5%

ビジュアル通常レッスン終了時、ビジュアル上昇+5

お出かけ終了時、ビジュアル上昇+4

イベントによるパラメータ上昇+50%","ビジュアルレッスンボーナス+3.6%

初期Pポイント+20

レッスンサポート発生率+74.4%

ビジュアル通常レッスン終了時、ビジュアル上昇+5

お出かけ終了時、ビジュアル上昇+7

イベントによるパラメータ上昇+50%","ビジュアルレッスンボーナス+4.0%

初期Pポイント+20

レッスンサポート発生率+87.2%

ビジュアル通常レッスン終了時、ビジュアル上昇+5

お出かけ終了時、ビジュアル上昇+7

イベントによるパラメータ上昇+75%","ビジュアルレッスンボーナス+4.3%

初期Pポイント+20

レッスンサポート発生率+100%

ビジュアル通常レッスン終了時、ビジュアル上昇+9

お出かけ終了時、ビジュアル上昇+7

イベントによるパラメータ上昇+100%"
腹筋で背筋で体幹キープ！,logic,Vi,169,item,メリハリストレッチ,好印象効果カード獲得時 Vi700以上の場合 ランダムなトラブルカードを削除 Vi+30（プロデュース中1回）,30,,30,--,,6.4,,好印象カード獲得時Vi+3,ViSP終了時Vi+13,Pアイテム獲得時Vi+11（6回のみ）,,13,,,,,,,,,,,,,,,,,,,,,,,,,,,,,3,,,,,,11,,,,,,,,,,,,,,,,,,"ビジュアルパラメータボーナス+4.4%

好印象効果のスキルカード獲得時、ビジュアル上昇+2

レッスンサポート発生率+59.2%

ビジュアルSPレッスン終了時、ビジュアル上昇+7

Pアイテム獲得時、ビジュアル上昇+6（プロデュース中6回）

イベントによるパラメータ上昇+50%","ビジュアルパラメータボーナス+4.9%

好印象効果のスキルカード獲得時、ビジュアル上昇+3

レッスンサポート発生率+69.4%

ビジュアルSPレッスン終了時、ビジュアル上昇+7

Pアイテム獲得時、ビジュアル上昇+6（プロデュース中6回）

イベントによるパラメータ上昇+50%","ビジュアルパラメータボーナス+5.4%

好印象効果のスキルカード獲得時、ビジュアル上昇+3

レッスンサポート発生率+79.6%

ビジュアルSPレッスン終了時、ビジュアル上昇+7

Pアイテム獲得時、ビジュアル上昇+6（プロデュース中6回）

イベントによるパラメータ上昇+75%","ビジュアルパラメータボーナス+5.9%

好印象効果のスキルカード獲得時、ビジュアル上昇+3

レッスンサポート発生率+89.8%

ビジュアルSPレッスン終了時、ビジュアル上昇+7

Pアイテム獲得時、ビジュアル上昇+11（プロデュース中6回）

イベントによるパラメータ上昇+75%","ビジュアルパラメータボーナス+6.4%

好印象効果のスキルカード獲得時、ビジュアル上昇+3

レッスンサポート発生率+100.0%

ビジュアルSPレッスン終了時、ビジュアル上昇+13

Pアイテム獲得時、ビジュアル上昇+11（プロデュース中6回）

イベントによるパラメータ上昇+100%"
ぐぬぬぬぬ…………！,free,Da,155,item,悔しさの象徴,Daターン 上昇量増加50％ 1ターン（レッスン内3回）,,,40,ランダム「基本」チェンジ,,8.5,,DaSP終了時体力回復7,活動支給差し入れ選択時Da+17,メンタル獲得時Da+3,,,,,,,,,,,17,,,,,,,,,,,,,,3,,,,,,,,,,,,,,,,,,,,,,,,,,,,,,"ダンスパラメータボーナス+6.5%

ダンスSPレッスン終了時、体力回復5

レッスンサポート発生率+66.1%

活動支給・差し入れ選択時、ダンス上昇+12

メンタルスキルカード獲得時、ダンス上昇+2

イベントによるパラメータ上昇+50%","ダンスパラメータボーナス+7.0%

ダンスSPレッスン終了時、体力回復5

レッスンサポート発生率+74.6%

活動支給・差し入れ選択時、ダンス上昇+12

メンタルスキルカード獲得時、ダンス上昇+2

イベントによるパラメータ上昇+75%","ダンスパラメータボーナス+7.5%

ダンスSPレッスン終了時、体力回復7

レッスンサポート発生率+83.1%

活動支給・差し入れ選択時、ダンス上昇+12

メンタルスキルカード獲得時、ダンス上昇+2

イベントによるパラメータ上昇+75%","ダンスパラメータボーナス+8.0%

ダンスSPレッスン終了時、体力回復7

レッスンサポート発生率+91.5%

活動支給・差し入れ選択時、ダンス上昇+17

メンタルスキルカード獲得時、ダンス上昇+2

イベントによるパラメータ上昇+75%","ダンスパラメータボーナス+8.5%

ダンスSPレッスン終了時、体力回復7

レッスンサポート発生率+100.0%

活動支給・差し入れ選択時、ダンス上昇+17

メンタルスキルカード獲得時、ダンス上昇+3

イベントによるパラメータ上昇+100%"
ゆっくりと過ごしましょう,logic,Vi,222,skill_card,その本、おもしろい？,体力消費5 好印象が3以上の場合、好印象の120％分パラメータ上昇 やる気が3以上の場合、元気の50％分パラメータ上昇 スキルカード使用数追加+1,,,40,ランダムカード強化,65,,,ViSP終了時体力回復7,ViSP終了時Vi+17,相談Pドリンク交換後Vi+11,,17,,,,,,,,,,,,,11,,,,,,,,,,,,,,,,,,,,,,,,,,,,,,,,,,,,,,,,"初期ビジュアル上昇+52

ビジュアルSPレッスン終了時、体力回復5

レッスンサポート発生率+66.1%

ビジュアルSPレッスン終了時、ビジュアル上昇+13

相談でPドリンク交換後、ビジュアル上昇+8

イベントによるパラメータ上昇+50%","初期ビジュアル上昇+55

ビジュアルSPレッスン終了時、体力回復5

レッスンサポート発生率+74.6%

ビジュアルSPレッスン終了時、ビジュアル上昇+13

相談でPドリンク交換後、ビジュアル上昇+8

イベントによるパラメータ上昇+50%","初期ビジュアル上昇+59

ビジュアルSPレッスン終了時、体力回復5

レッスンサポート発生率+83.1%

ビジュアルSPレッスン終了時、ビジュアル上昇+13

相談でPドリンク交換後、ビジュアル上昇+8

イベントによるパラメータ上昇+75%","初期ビジュアル上昇+62

ビジュアルSPレッスン終了時、体力回復7

レッスンサポート発生率+91.5%

ビジュアルSPレッスン終了時、ビジュアル上昇+13

相談でPドリンク交換後、ビジュアル上昇+8

イベントによるパラメータ上昇+75%","初期ビジュアル上昇+65

ビジュアルSPレッスン終了時、体力回復7

レッスンサポート発生率+100.0%

ビジュアルSPレッスン終了時、ビジュアル上昇+17

相談でPドリンク交換後、ビジュアル上昇+11

イベントによるパラメータ上昇+100%"
仲直りしましょう,free,Vo,118,skill_card,月明かりに包まれて,体力-5 レッスン開始時手札に入る 消費体力削減1 スキルカード使用数追加+1,,,40,ランダムトラブル削除,65,,,初期Pポイント+30,授業営業終了時Vo+5,スキル削除時Vo+8,,,,,,,,,,,,5,,,,,,,8,,,,,,,,,,,,,,,,,,,,,,,,,,,,,,,,,,,,"初期ボーカル上昇+52

初期Pポイント+20

レッスンサポート発生率+66.1%

授業・営業終了時、ボーカル上昇+4

スキルカード削除時、ボーカル上昇+6

イベントによるパラメータ上昇+50%","初期ボーカル上昇+55

初期Pポイント+20

レッスンサポート発生率+74.6%

授業・営業終了時、ボーカル上昇+4

スキルカード削除時、ボーカル上昇+6

イベントによるパラメータ上昇+75%","初期ボーカル上昇+59

初期Pポイント+30

レッスンサポート発生率+83.1%

授業・営業終了時、ボーカル上昇+4

スキルカード削除時、ボーカル上昇+6

イベントによるパラメータ上昇+75%","初期ボーカル上昇+62

初期Pポイント+30

レッスンサポート発生率+91.5%

授業・営業終了時、ボーカル上昇+4

スキルカード削除時、ボーカル上昇+8

イベントによるパラメータ上昇+75%","初期ボーカル上昇+65

初期Pポイント+30

レッスンサポート発生率+100.0%

授業・営業終了時、ボーカル上昇+5

スキルカード削除時、ボーカル上昇+8

イベントによるパラメータ上昇+100%"
また、あんなに無理をして,free,Vo,85,item,曇りをぬぐったタオル,Voターン Aカード使用時 体力回復2（レッスン内3回）,,,40,ランダムカード強化,,8.5,,VoSP終了時体力回復7,お出かけ終了時Vo+15,メンタル獲得時Vo+3,,,,,,,,,,,,,15,,,,,,,,,,,,3,,,,,,,,,,,,,,,,,,,,,,,,,,,,,,"ボーカルレッスンボーナス+6.5%

ボーカルSPレッスン終了時、体力回復5

レッスンサポート発生率+66.1%

お出かけ終了時、ボーカル上昇+11

メンタルスキルカード獲得時、ボーカル上昇+2

イベントによるパラメータ上昇+50%","ボーカルレッスンボーナス+7.0%

ボーカルSPレッスン終了時、体力回復5

レッスンサポート発生率+74.6%

お出かけ終了時、ボーカル上昇+11

メンタルスキルカード獲得時、ボーカル上昇+2

イベントによるパラメータ上昇+75%","ボーカルレッスンボーナス+7.5%

ボーカルSPレッスン終了時、体力回復7

レッスンサポート発生率+83.1%

お出かけ終了時、ボーカル上昇+11

メンタルスキルカード獲得時、ボーカル上昇+2

イベントによるパラメータ上昇+75%","ボーカルレッスンボーナス+8.0%

ボーカルSPレッスン終了時、体力回復7

レッスンサポート発生率+91.5%

お出かけ終了時、ボーカル上昇+15

メンタルスキルカード獲得時、ボーカル上昇+2

イベントによるパラメータ上昇+75%","ボーカルレッスンボーナス+8.5%

ボーカルSPレッスン終了時、体力回復7

レッスンサポート発生率+100.0%

お出かけ終了時、ボーカル上昇+15

メンタルスキルカード獲得時、ボーカル上昇+3

イベントによるパラメータ上昇+100%"
キュッと締めて,sense,Da,178,item,きっかけの帯,好調効果カード獲得時 Da700以上の場合 スキルカードを選択して削除 Pポイント+40（プロデュース中1回）,,,30,--,49,,,DaSP終了時体力回復5,Daレス終了時Da+4,相談Pドリンク交換後Da+8,,,,,4,,,,,,,,,,8,,,,,,,,,,,,,,,,,,,,,,,,,,,,,,,,,,,,,,,,"初期ダンス上昇+37

ダンスSPレッスン終了時、体力回復3

レッスンサポート発生率+59.2%

ダンスレッスン終了時、ダンス上昇+2

相談でPドリンク交換後、ダンス上昇+4

イベントによるパラメータ上昇+50%","初期ダンス上昇+40

ダンスSPレッスン終了時、体力回復3

レッスンサポート発生率+69.4%

ダンスレッスン終了時、ダンス上昇+2

相談でPドリンク交換後、ダンス上昇+4

イベントによるパラメータ上昇+50%","初期ダンス上昇+43

ダンスSPレッスン終了時、体力回復5

レッスンサポート発生率+79.6%

ダンスレッスン終了時、ダンス上昇+2

相談でPドリンク交換後、ダンス上昇+4

イベントによるパラメータ上昇+75%","初期ダンス上昇+46

ダンスSPレッスン終了時、体力回復5

レッスンサポート発生率+89.8%

ダンスレッスン終了時、ダンス上昇+2

相談でPドリンク交換後、ダンス上昇+8

イベントによるパラメータ上昇+75%","初期ダンス上昇+49

ダンスSPレッスン終了時、体力回復5

レッスンサポート発生率+100.0%

ダンスレッスン終了時、ダンス上昇+4

相談でPドリンク交換後、ダンス上昇+8

イベントによるパラメータ上昇+100%"
ブレイクタイムは珈琲で,logic,Vo,150,item,優しさミルクシュガー,好印象効果カード獲得時 Vo700以上の場合 スキルカードを選択してコピー Pポイント+40（プロデュース中1回）,,,30,--,49,,,初期Pポイント+30,Voレス終了時Vo+4,相談Pドリンク交換後Vo+8,,,,4,,,,,,,,,,,8,,,,,,,,,,,,,,,,,,,,,,,,,,,,,,,,,,,,,,,,"初期ボーカル上昇+37

初期Pポイント+15

レッスンサポート発生率+59.2%

ボーカルレッスン終了時、ボーカル上昇+2

相談でPドリンク交換後、ボーカル上昇+4

イベントによるパラメータ上昇+50%","初期ボーカル上昇+40

初期Pポイント+30

レッスンサポート発生率+69.4%

ボーカルレッスン終了時、ボーカル上昇+2

相談でPドリンク交換後、ボーカル上昇+4

イベントによるパラメータ上昇+50%","初期ボーカル上昇+43

初期Pポイント+30

レッスンサポート発生率+79.6%

ボーカルレッスン終了時、ボーカル上昇+2

相談でPドリンク交換後、ボーカル上昇+4

イベントによるパラメータ上昇+75%","初期ボーカル上昇+46

初期Pポイント+30

レッスンサポート発生率+89.8%

ボーカルレッスン終了時、ボーカル上昇+2

相談でPドリンク交換後、ボーカル上昇+8

イベントによるパラメータ上昇+75%","初期ボーカル上昇+49

初期Pポイント+30

レッスンサポート発生率+100.0%

ボーカルレッスン終了時、ボーカル上昇+4

相談でPドリンク交換後、ボーカル上昇+8

イベントによるパラメータ上昇+100%"
お姉ちゃん直伝メニュー,free,Da,68,none,,,10,,40,,,4.3,,初期Pポイント+20,Da通常終了時Da+9,授業営業終了時Da+3,,,,,,,,9,,,,3,,,,,,,,,,,,,,,,,,,,,,,,,,,,,,,,,,,,,,,,,,,"ダンスパラメータボーナス+2.8%

初期Pポイント+20

レッスンサポート発生率+48.7%

ダンス通常レッスン終了時、ダンス上昇+5

授業・営業終了時、ダンス上昇+2","ダンスパラメータボーナス+3.2%

初期Pポイント+20

レッスンサポート発生率+61.5%

ダンス通常レッスン終了時、ダンス上昇+5

授業・営業終了時、ダンス上昇+2

イベントによるパラメータ上昇+50%","ダンスパラメータボーナス+3.6%

初期Pポイント+20

レッスンサポート発生率+74.4%

ダンス通常レッスン終了時、ダンス上昇+5

授業・営業終了時、ダンス上昇+3

イベントによるパラメータ上昇+50%","ダンスパラメータボーナス+4.0%

初期Pポイント+20

レッスンサポート発生率+87.2%

ダンス通常レッスン終了時、ダンス上昇+5

授業・営業終了時、ダンス上昇+3

イベントによるパラメータ上昇+75%","ダンスパラメータボーナス+4.3%

初期Pポイント+20

レッスンサポート発生率+100%

ダンス通常レッスン終了時、ダンス上昇+9

授業・営業終了時、ダンス上昇+3

イベントによるパラメータ上昇+100%"
王子様のひと呼吸,free,Vo,37,none,,,,,30,,33,,,初期Pポイント+20,Vo通常終了時Vo+9,お出かけ終了時Vo+7,,,,,,,9,,,,,,7,,,,,,,,,,,,,,,,,,,,,,,,,,,,,,,,,,,,,,,,,,"初期ボーカル上昇+23

初期Pポイント+20

レッスンサポート発生率+48.7%

ボーカル通常レッスン終了時、ボーカル上昇+5

お出かけ終了時、ボーカル上昇+4","初期ボーカル上昇+26

初期Pポイント+20

レッスンサポート発生率+61.5%

ボーカル通常レッスン終了時、ボーカル上昇+5

お出かけ終了時、ボーカル上昇+4

イベントによるパラメータ上昇+50%","初期ボーカル上昇+28

初期Pポイント+20

レッスンサポート発生率+74.4%

ボーカル通常レッスン終了時、ボーカル上昇+5

お出かけ終了時、ボーカル上昇+7

イベントによるパラメータ上昇+50%","初期ボーカル上昇+31

初期Pポイント+20

レッスンサポート発生率+87.2%

ボーカル通常レッスン終了時、ボーカル上昇+5

お出かけ終了時、ボーカル上昇+7

イベントによるパラメータ上昇+75%","初期ボーカル上昇+33

初期Pポイント+20

レッスンサポート発生率+100%

ボーカル通常レッスン終了時、ボーカル上昇+9

お出かけ終了時、ボーカル上昇+7

イベントによるパラメータ上昇+100%"
りっぱなすすき！,logic,Vi,108,item,大きくてつやつや,やる気効果カード獲得時 Vi400以上の場合 スキルカードを選択して強化 体力回復2（プロデュース中1回）,,,30,--,49,,,お出かけ終了時Vi+10,ViSP終了時Vi+13,活動支給差し入れ選択時Vi+11,,13,,,,,,,,,11,,10,,,,,,,,,,,,,,,,,,,,,,,,,,,,,,,,,,,,,,,,,,"初期ビジュアル上昇+37

お出かけ終了時、ビジュアル上昇+5

レッスンサポート発生率+59.2%

ビジュアルSPレッスン終了時、ビジュアル上昇+7

活動支給・差し入れ選択時、ビジュアル上昇+6

イベントによるパラメータ上昇+50%","初期ビジュアル上昇+40

お出かけ終了時、ビジュアル上昇+10

レッスンサポート発生率+69.4%

ビジュアルSPレッスン終了時、ビジュアル上昇+7

活動支給・差し入れ選択時、ビジュアル上昇+6

イベントによるパラメータ上昇+50%","初期ビジュアル上昇+43

お出かけ終了時、ビジュアル上昇+10

レッスンサポート発生率+79.6%

ビジュアルSPレッスン終了時、ビジュアル上昇+7

活動支給・差し入れ選択時、ビジュアル上昇+6

イベントによるパラメータ上昇+75%","初期ビジュアル上昇+46

お出かけ終了時、ビジュアル上昇+10

レッスンサポート発生率+89.8%

ビジュアルSPレッスン終了時、ビジュアル上昇+7

活動支給・差し入れ選択時、ビジュアル上昇+11

イベントによるパラメータ上昇+75%","初期ビジュアル上昇+49

お出かけ終了時、ビジュアル上昇+10

レッスンサポート発生率+100.0%

ビジュアルSPレッスン終了時、ビジュアル上昇+13

活動支給・差し入れ選択時、ビジュアル上昇+11

イベントによるパラメータ上昇+100%"
あら、奇遇ね,free,Vo,82,item,スカウト遮り帽,Voターン カードを引く 固定元気+2（レッスン内3回）,,,40,ランダムカード強化,65,,,初期Pポイント+40,Voレス終了時Vo+6,授業営業終了時Vo+7,,,,6,,,,,,,,7,,,,,,,,,,,,,,,,,,,,,,,,,,,,,,,,,,,,,,,,,,,"初期ボーカル上昇+52

初期Pポイント+30

レッスンサポート発生率+66.1%

ボーカルレッスン終了時、ボーカル上昇+4

授業・営業終了時、ボーカル上昇+5

イベントによるパラメータ上昇+50%","初期ボーカル上昇+55

初期Pポイント+30

レッスンサポート発生率+74.6%

ボーカルレッスン終了時、ボーカル上昇+4

授業・営業終了時、ボーカル上昇+5

イベントによるパラメータ上昇+75%","初期ボーカル上昇+59

初期Pポイント+40

レッスンサポート発生率+83.1%

ボーカルレッスン終了時、ボーカル上昇+4

授業・営業終了時、ボーカル上昇+5

イベントによるパラメータ上昇+75%","初期ボーカル上昇+62

初期Pポイント+40

レッスンサポート発生率+91.5%

ボーカルレッスン終了時、ボーカル上昇+6

授業・営業終了時、ボーカル上昇+5

イベントによるパラメータ上昇+75%","初期ボーカル上昇+65

初期Pポイント+40

レッスンサポート発生率+100.0%

ボーカルレッスン終了時、ボーカル上昇+6

授業・営業終了時、ボーカル上昇+7

イベントによるパラメータ上昇+100%"
みいつけた。,logic,Vo,130,item,迷子のゆくえ,Voターン ターン開始時 体力が50%以下の場合 やる気+2 消費体力減少2ターン（レッスン内1回）,,,40,ランダム「基本」チェンジ,,8.5,,VoSP終了時体力回復5,元気カード獲得時Vo+3,活動支給差し入れ選択時Vo+12,,,,,,,,,,,12,,,,,,,,,,,,,,,,,,,,,,3,,,,,,,,,,,,,,,,,,,,,,"ボーカルパラメータボーナス+6.5%

ボーカルSPレッスン終了時、体力回復4

レッスンサポート発生率+66.1%

元気効果のスキルカード獲得時、ボーカル上昇+2

活動支給・差し入れ選択時、ボーカル上昇+9

イベントによるパラメータ上昇+50%","ボーカルパラメータボーナス+7.0%

ボーカルSPレッスン終了時、体力回復4

レッスンサポート発生率+74.6%

元気効果のスキルカード獲得時、ボーカル上昇+2

活動支給・差し入れ選択時、ボーカル上昇+9

イベントによるパラメータ上昇+75%","ボーカルパラメータボーナス+7.5%

ボーカルSPレッスン終了時、体力回復5

レッスンサポート発生率+83.1%

元気効果のスキルカード獲得時、ボーカル上昇+2

活動支給・差し入れ選択時、ボーカル上昇+9

イベントによるパラメータ上昇+75%","ボーカルパラメータボーナス+8.0%

ボーカルSPレッスン終了時、体力回復5

レッスンサポート発生率+91.5%

元気効果のスキルカード獲得時、ボーカル上昇+2

活動支給・差し入れ選択時、ボーカル上昇+12

イベントによるパラメータ上昇+75%","ボーカルパラメータボーナス+8.5%

ボーカルSPレッスン終了時、体力回復5

レッスンサポート発生率+100%

元気効果のスキルカード獲得時、ボーカル上昇+3

活動支給・差し入れ選択時、ボーカル上昇+12

イベントによるパラメータ上昇+100%"
ぜったいに取るんだ！,free,Vo,130,skill_card,執念キャッチャー,体力消費1 固定元気+5 体力が50%以上の場合、スキルカード使用数追加+1,,,30,ランダム「基本」チェンジ,65,,,VoSP率+21％,スキル（SSR）獲得時Vo+5,活動支給差し入れ選択時体力回復4,,,,,,,,,,,,,,,,,,,,,5,,,,,,,,,,,,,,,,,,,,,,,,,,,,,,,21,,,"初期ボーカル上昇+52

ボーカルSPレッスン発生率+14%

レッスンサポート発生率+66.1%

スキルカード（SSR）獲得時、ボーカル上昇+3

活動支給・差し入れ選択時、体力回復3

イベントによるパラメータ上昇+50%","初期ボーカル上昇+55

ボーカルSPレッスン発生率+14%

レッスンサポート発生率+74.6%

スキルカード（SSR）獲得時、ボーカル上昇+3

活動支給・差し入れ選択時、体力回復3

イベントによるパラメータ上昇+75%","初期ボーカル上昇+59

ボーカルSPレッスン発生率+21%

レッスンサポート発生率+83.1%

スキルカード（SSR）獲得時、ボーカル上昇+3

活動支給・差し入れ選択時、体力回復3

イベントによるパラメータ上昇+75%","初期ボーカル上昇+62

ボーカルSPレッスン発生率+21%

レッスンサポート発生率+91.5%

スキルカード（SSR）獲得時、ボーカル上昇+3

活動支給・差し入れ選択時、体力回復4

イベントによるパラメータ上昇+75%","初期ボーカル上昇+65

ボーカルSPレッスン発生率+21%

レッスンサポート発生率+100%

スキルカード（SSR）獲得時、ボーカル上昇+5

活動支給・差し入れ選択時、体力回復4

イベントによるパラメータ上昇+100%"
オシャレもメイクも♪,sense,Vi,85,item,ぴったしコレクション,Viターン アクティブスキルカード使用時、好調が3ターン以上の場合、集中+2 パラメータ+4（レッスン内1回）,,,40,ランダムカード強化,,8.5,,ViSP終了時体力回復5,おでかけ終了時Vi+11,試験・オデ終了時Vi+17（2回のみ）,,,,,,,,,,,,,11,,,,17,,,,,,,,,,,,,,,,,,,,,,,,,,,,,,,,,,,,,,"ビジュアルパラメータボーナス+6.5%

ビジュアルSPレッスン終了時、体力回復4

レッスンサポート発生率+66.1%

おでかけ終了時、ビジュアル上昇+8

試験・オーディション終了時、ビジュアル上昇+11（プロデュース中2回）

イベントによるパラメータ上昇+50%","ビジュアルパラメータボーナス+7.0%

ビジュアルSPレッスン終了時、体力回復4

レッスンサポート発生率+74.6%

おでかけ終了時、ビジュアル上昇+8

試験・オーディション終了時、ビジュアル上昇+11（プロデュース中2回）

イベントによるパラメータ上昇+75%","ビジュアルパラメータボーナス+7.5%

ビジュアルSPレッスン終了時、体力回復5

レッスンサポート発生率+83.1%

おでかけ終了時、ビジュアル上昇+8

試験・オーディション終了時、ビジュアル上昇+11（プロデュース中2回）

イベントによるパラメータ上昇+75%","ビジュアルパラメータボーナス+8.0%

ビジュアルSPレッスン終了時、体力回復5

レッスンサポート発生率+91.5%

おでかけ終了時、ビジュアル上昇+8

試験・オーディション終了時、ビジュアル上昇+17（プロデュース中2回）

イベントによるパラメータ上昇+75%","ビジュアルパラメータボーナス+8.5%

ビジュアルSPレッスン終了時、体力回復5

レッスンサポート発生率+100%

おでかけ終了時、ビジュアル上昇+11

試験・オーディション終了時、ビジュアル上昇+17（プロデュース中2回）

イベントによるパラメータ上昇+100%"
インタビューお願いします,anomaly,Vi,145,item,注目インタビュー！,Viターン ターン開始時 温存になった回数が4回以上の場合 Aカードのパラメータ値増加+22（レッスン内1回）,,,40,ランダムカード強化,,8.5,,ViSP率+28％,ViSP終了時Vi+17,スキル獲得時温存カード8枚以上Vi+22（4回のみ）,,17,,,,,,,,,,,,,,,,,,,,,,,,,,,,,,,,,,,,,,,,22,,,,,,,,,,,,28,,,,,
小悪魔になっちゃえ♪,sense,Vi,145,skill_card,なりきりデビル,集中消費2 3ターン目以降の場合、使用可 好調増加量追加+2（2ターン） 次のターン、好調3ターン（レッスン中1回）,,,40,ランダムカード強化,65,,,ViSP率+28％,ViSP終了時Vi+17,スキル獲得時好調カード8枚以上Vi+22（4回のみ）,,17,,,,,,,,,,,,,,,,,,,,,,,,,,,,,,,,,,,,,,,,,,,22,,,,,,,,,28,,,,,
てとりあしとり,free,Vi,99,skill_card,ご指導ご鞭撻,体力-5 体力50％以上の場合、使用可 パラメータ+4 元気+5 次ターン、手札をレッスン中強化,,,40,--,49,,,ViSP終了時体力回復5,Viレス終了時Vi+4,活動支給差し入れ選択時Vi+11,,,,,,4,,,,,11,,,,,,,,,,,,,,,,,,,,,,,,,,,,,,,,,,,,,,,,,,,,"初期ビジュアル上昇+37

ビジュアルSPレッスン終了時、体力回復3

レッスンサポート発生率+59.2%

ビジュアルレッスン終了時、ビジュアル上昇+2

活動支給・差し入れ選択時、ビジュアル上昇+6

イベントによるパラメータ上昇+50%","初期ビジュアル上昇+40

ビジュアルSPレッスン終了時、体力回復5

レッスンサポート発生率+69.4%

ビジュアルレッスン終了時、ビジュアル上昇+2

活動支給・差し入れ選択時、ビジュアル上昇+6

イベントによるパラメータ上昇+50%","初期ビジュアル上昇+43

ビジュアルSPレッスン終了時、体力回復5

レッスンサポート発生率+79.6%

ビジュアルレッスン終了時、ビジュアル上昇+2

活動支給・差し入れ選択時、ビジュアル上昇+6

イベントによるパラメータ上昇+75%","初期ビジュアル上昇+46

ビジュアルSPレッスン終了時、体力回復5

レッスンサポート発生率+89.8%

ビジュアルレッスン終了時、ビジュアル上昇+2

活動支給・差し入れ選択時、ビジュアル上昇+11

イベントによるパラメータ上昇+75%","初期ビジュアル上昇+49

ビジュアルSPレッスン終了時、体力回復5

レッスンサポート発生率+100.0%

ビジュアルレッスン終了時、ビジュアル上昇+4

活動支給・差し入れ選択時、ビジュアル上昇+11

イベントによるパラメータ上昇+100%"
のらりくらりしっかり,free,Vo,95,skill_card,おアツイ視線,体力-0 元気0の場合、使用可 元気+5 消費体力減少2ターン 次ターン、カードを引く,,,40,--,,6.4,,VoSP終了時体力回復5,Voレス終了時Vo+4,活動支給差し入れ選択時Vo+11,,,,4,,,,,,,11,,,,,,,,,,,,,,,,,,,,,,,,,,,,,,,,,,,,,,,,,,,,"ボーカルパラメータボーナス+4.4%

ボーカルSPレッスン終了時、体力回復3

レッスンサポート発生率+59.2%

ボーカルレッスン終了時、ボーカル上昇+2

活動支給・差し入れ選択時、ボーカル上昇+6

イベントによるパラメータ上昇+50%","ボーカルパラメータボーナス+4.9%

ボーカルSPレッスン終了時、体力回復5

レッスンサポート発生率+69.4%

ボーカルレッスン終了時、ボーカル上昇+2

活動支給・差し入れ選択時、ボーカル上昇+6

イベントによるパラメータ上昇+50%","ボーカルパラメータボーナス+5.4%

ボーカルSPレッスン終了時、体力回復5

レッスンサポート発生率+79.6%

ボーカルレッスン終了時、ボーカル上昇+2

活動支給・差し入れ選択時、ボーカル上昇+6

イベントによるパラメータ上昇+75%","ボーカルパラメータボーナス+5.9%

ボーカルSPレッスン終了時、体力回復5

レッスンサポート発生率+89.8%

ボーカルレッスン終了時、ボーカル上昇+2

活動支給・差し入れ選択時、ボーカル上昇+11

イベントによるパラメータ上昇+75%","ボーカルパラメータボーナス+6.4%

ボーカルSPレッスン終了時、体力回復5

レッスンサポート発生率+100.0%

ボーカルレッスン終了時、ボーカル上昇+4

活動支給・差し入れ選択時、ボーカル上昇+11

イベントによるパラメータ上昇+100%"
目指すはテッペン,free,Da,82,item,トレーナーの優しさ,DaSP終了時 ランダムPドリンク（SR以上）（プロデュース中2回）,,,40,--,49,,,DaSP率+21％,最大体力+3,相談選択時Da+14,,,,,,,,,,,,,,14,,,,,,,,,,,,,,,,,,,,,,,,,,,,,,,,,,,,,,,21,,"初期ダンス上昇+37

ダンスSPレッスン発生率+10.5%

レッスンサポート発生率+59.2%

最大体力上昇+2

相談選択時、ダンス上昇+7

イベントによるパラメータ上昇+50%","初期ダンス上昇+40

ダンスSPレッスン発生率+21%

レッスンサポート発生率+69.4%

最大体力上昇+2

相談選択時、ダンス上昇+7

イベントによるパラメータ上昇+50%","初期ダンス上昇+43

ダンスSPレッスン発生率+21%

レッスンサポート発生率+79.6%

最大体力上昇+2

相談選択時、ダンス上昇+7

イベントによるパラメータ上昇+75%","初期ダンス上昇+46

ダンスSPレッスン発生率+21%

レッスンサポート発生率+89.8%

最大体力上昇+2

相談選択時、ダンス上昇+14

イベントによるパラメータ上昇+75%","初期ダンス上昇+49

ダンスSPレッスン発生率+21%

レッスンサポート発生率+100.0%

最大体力上昇+3

相談選択時、ダンス上昇+14

イベントによるパラメータ上昇+100%"
ぜったい追いついてやる！,free,Vi,139,skill_card,紅葉ランニング,体力-1 低下状態無効1回 カードを引く カード使用数+1,,,40,ランダムカード強化,,8.5,,授業営業終了時Vi+7,スキル強化時Vi+4,ViSP終了時Vi+17,,17,,,,,,,,,,7,,,,,,,,4,,,,,,,,,,,,,,,,,,,,,,,,,,,,,,,,,,,"ビジュアルパラメータボーナス+6.5%

授業・営業終了時、ビジュアル上昇+5

レッスンサポート発生率+66.1%

スキルカード強化時、ビジュアル上昇+3

ビジュアルSPレッスン終了時、ビジュアル上昇+13

イベントによるパラメータ上昇+50%","ビジュアルパラメータボーナス+7.0%

授業・営業終了時、ビジュアル上昇+5

レッスンサポート発生率+74.6%

スキルカード強化時、ビジュアル上昇+3

ビジュアルSPレッスン終了時、ビジュアル上昇+13

イベントによるパラメータ上昇+50%","ビジュアルパラメータボーナス+7.5%

授業・営業終了時、ビジュアル上昇+5

レッスンサポート発生率+83.1%

スキルカード強化時、ビジュアル上昇+3

ビジュアルSPレッスン終了時、ビジュアル上昇+13

イベントによるパラメータ上昇+75%","ビジュアルパラメータボーナス+8.0%

授業・営業終了時、ビジュアル上昇+7

レッスンサポート発生率+91.5%

スキルカード強化時、ビジュアル上昇+3

ビジュアルSPレッスン終了時、ビジュアル上昇+13

イベントによるパラメータ上昇+75%","ビジュアルパラメータボーナス+8.5%

授業・営業終了時、ビジュアル上昇+7

レッスンサポート発生率+100.0%

スキルカード強化時、ビジュアル上昇+4

ビジュアルSPレッスン終了時、ビジュアル上昇+17

イベントによるパラメータ上昇+100%"
私の目に狂いはない,free,Vi,122,item,仲直りのきっかけ,Viターン スキルカード使用数追加+1（レッスン内1回）,,,40,ランダム「基本」チェンジ,,8.5,,ViSP終了時体力回復7,授業営業終了時Vi+7,スキル強化時Vi+4,,,,,,,,,,,,7,,,,,,,,4,,,,,,,,,,,,,,,,,,,,,,,,,,,,,,,,,,,"ビジュアルパラメータボーナス+6.5%

ビジュアルSPレッスン終了時、体力回復5

レッスンサポート発生率+66.1%

授業・営業終了時、ビジュアル上昇+5

スキルカード強化時、ビジュアル上昇+3

イベントによるパラメータ上昇+50%","ビジュアルパラメータボーナス+7.0%

ビジュアルSPレッスン終了時、体力回復5

レッスンサポート発生率+74.6%

授業・営業終了時、ビジュアル上昇+5

スキルカード強化時、ビジュアル上昇+3

イベントによるパラメータ上昇+75%","ビジュアルパラメータボーナス+7.5%

ビジュアルSPレッスン終了時、体力回復7

レッスンサポート発生率+83.1%

授業・営業終了時、ビジュアル上昇+5

スキルカード強化時、ビジュアル上昇+3

イベントによるパラメータ上昇+75%","ビジュアルパラメータボーナス+8.0%

ビジュアルSPレッスン終了時、体力回復7

レッスンサポート発生率+91.5%

授業・営業終了時、ビジュアル上昇+7

スキルカード強化時、ビジュアル上昇+3

イベントによるパラメータ上昇+75%","ビジュアルパラメータボーナス+8.5%

ビジュアルSPレッスン終了時、体力回復7

レッスンサポート発生率+100.0%

授業・営業終了時、ビジュアル上昇+7

スキルカード強化時、ビジュアル上昇+4

イベントによるパラメータ上昇+100%"
やさしさ、あったかい,sense,Vi,54,skill_card,切れた鼻緒が結んだ絆,体力-3 好調4ターン 次ターン、カードを引く,,,40,--,49,,,ViSP終了時体力回復5,Viレス終了時Vi+4,お出かけ終了時Vi+10,,,,,,4,,,,,,,10,,,,,,,,,,,,,,,,,,,,,,,,,,,,,,,,,,,,,,,,,,"初期ビジュアル上昇+37

ビジュアルSPレッスン終了時、体力回復3

レッスンサポート発生率+59.2%

ビジュアルレッスン終了時、ビジュアル上昇+2

お出かけ終了時、ビジュアル上昇+5

イベントによるパラメータ上昇+50%","初期ビジュアル上昇+40

ビジュアルSPレッスン終了時、体力回復5

レッスンサポート発生率+69.4%

ビジュアルレッスン終了時、ビジュアル上昇+2

お出かけ終了時、ビジュアル上昇+5

イベントによるパラメータ上昇+50%","初期ビジュアル上昇+43

ビジュアルSPレッスン終了時、体力回復5

レッスンサポート発生率+79.6%

ビジュアルレッスン終了時、ビジュアル上昇+2

お出かけ終了時、ビジュアル上昇+5

イベントによるパラメータ上昇+75%","初期ビジュアル上昇+46

ビジュアルSPレッスン終了時、体力回復5

レッスンサポート発生率+89.8%

ビジュアルレッスン終了時、ビジュアル上昇+2

お出かけ終了時、ビジュアル上昇+10

イベントによるパラメータ上昇+75%","初期ビジュアル上昇+49

ビジュアルSPレッスン終了時、体力回復5

レッスンサポート発生率+100.0%

ビジュアルレッスン終了時、ビジュアル上昇+4

お出かけ終了時、ビジュアル上昇+10

イベントによるパラメータ上昇+100%"
ピューとシューの二重奏,logic,Da,120,skill_card,草笛ハーモニー,体力-0 好印象+2 体力回復1 好印象10以上の場合、カード使用数+1,,,30,--,49,,,メンタル強化時Da+6,授業営業終了時Da+5,好印象カード獲得時Da+3,,,,,,,,,,,,5,,,,,,,,,,,,,,6,,,,,3,,,,,,,,,,,,,,,,,,,,,,,,"初期ダンス上昇+37

メンタルスキルカード強化時、ダンス上昇+4

レッスンサポート発生率+59.2%

授業・営業終了時、ダンス上昇+3

好印象効果のスキルカード獲得時、ダンス上昇+2

イベントによるパラメータ上昇+50%","初期ダンス上昇+40

メンタルスキルカード強化時、ダンス上昇+6

レッスンサポート発生率+69.4%

授業・営業終了時、ダンス上昇+3

好印象効果のスキルカード獲得時、ダンス上昇+2

イベントによるパラメータ上昇+50%","初期ダンス上昇+43

メンタルスキルカード強化時、ダンス上昇+6

レッスンサポート発生率+79.6%

授業・営業終了時、ダンス上昇+3

好印象効果のスキルカード獲得時、ダンス上昇+2

イベントによるパラメータ上昇+75%","初期ダンス上昇+46

メンタルスキルカード強化時、ダンス上昇+6

レッスンサポート発生率+89.8%

授業・営業終了時、ダンス上昇+3

好印象効果のスキルカード獲得時、ダンス上昇+3

イベントによるパラメータ上昇+75%","初期ダンス上昇+49

メンタルスキルカード強化時、ダンス上昇+6

レッスンサポート発生率+100.0%

授業・営業終了時、ダンス上昇+5

好印象効果のスキルカード獲得時、ダンス上昇+3

イベントによるパラメータ上昇+100%"
ほっとけないクラスメイト,free,Vo,80,item,朝一の助け舟,カード強化時 Vo400以上の場合 Pポイント+15,,,40,--,49,,,レッスン終了時Pポイント+16.5％,スキル強化時Vo+3,お出かけ終了時Vo+10,,,,,,,,,,,,,10,,,,,,,3,,,,,,,,,,,,,,,,,,,,,,,,,,,,,,,,,,,"初期ボーカル上昇+37

レッスン終了時、Pポイント獲得量増加+8.3%

レッスンサポート発生率+59.2%

スキルカード強化時、ボーカル上昇+2

お出かけ終了時、ボーカル上昇+5

イベントによるパラメータ上昇+50%","初期ボーカル上昇+40

レッスン終了時、Pポイント獲得量増加+16.5%

レッスンサポート発生率+69.4%

スキルカード強化時、ボーカル上昇+2

お出かけ終了時、ボーカル上昇+5

イベントによるパラメータ上昇+50%","初期ボーカル上昇+43

レッスン終了時、Pポイント獲得量増加+16.5%

レッスンサポート発生率+79.6%

スキルカード強化時、ボーカル上昇+2

お出かけ終了時、ボーカル上昇+5

イベントによるパラメータ上昇+75%","初期ボーカル上昇+46

レッスン終了時、Pポイント獲得量増加+16.5%

レッスンサポート発生率+89.8%

スキルカード強化時、ボーカル上昇+2

お出かけ終了時、ボーカル上昇+10

イベントによるパラメータ上昇+75%","初期ボーカル上昇+49

レッスン終了時、Pポイント獲得量増加+16.5%

レッスンサポート発生率+100.0%

スキルカード強化時、ボーカル上昇+3

お出かけ終了時、ボーカル上昇+10

イベントによるパラメータ上昇+100%"
まごころを込めて,logic,Vo,80,skill_card,ディテールが肝心,体力消費3 元気+4 やる気の270％分パラメータ上昇,,,40,--,,6.4,,VoSP終了時体力回復5,お出かけ終了時Vo+10,授業営業終了時Vo+5,,,,,,,,,,,,5,10,,,,,,,,,,,,,,,,,,,,,,,,,,,,,,,,,,,,,,,,,,"ボーカルパラメータボーナス+4.9%

ボーカルSPレッスン終了時、体力回復5

レッスンサポート発生率+59.2%

お出かけ終了時、ボーカル上昇+5

授業・営業終了時、ボーカル上昇+3

イベントによるパラメータ上昇+50%","ボーカルパラメータボーナス+5.4%

ボーカルSPレッスン終了時、体力回復5

レッスンサポート発生率+69.4%

お出かけ終了時、ボーカル上昇+5

授業・営業終了時、ボーカル上昇+3

イベントによるパラメータ上昇+50%","ボーカルパラメータボーナス+5.9%

ボーカルSPレッスン終了時、体力回復5

レッスンサポート発生率+79.6%

お出かけ終了時、ボーカル上昇+5

授業・営業終了時、ボーカル上昇+3

イベントによるパラメータ上昇+75%","ボーカルパラメータボーナス+6.4%

ボーカルSPレッスン終了時、体力回復5

レッスンサポート発生率+89.8%

お出かけ終了時、ボーカル上昇+5

授業・営業終了時、ボーカル上昇+5

イベントによるパラメータ上昇+75%","ボーカルパラメータボーナス+6.4%

ボーカルSPレッスン終了時、体力回復5

レッスンサポート発生率+100.0%

お出かけ終了時、ボーカル上昇+10

授業・営業終了時、ボーカル上昇+5

イベントによるパラメータ上昇+100%"
何やってるんだろう、,free,Vo,70,item,天川ラーメン巡り,Voターン スキルカード使用数追加+1（レッスン内1回）,,,30,ランダム「基本」チェンジ,65,,,VoSP率+28％,Voレス終了時Vo+6,スキル強化時Vo+4,,,,6,,,,,,,,,,,,,,,,4,,,,,,,,,,,,,,,,,,,,,,,,,,,,,,,,28,,,"初期ボーカル上昇+52

ボーカルSPレッスン発生率+21%

レッスンサポート発生率+66.1%

ボーカルレッスン終了時、ボーカル上昇+4

スキルカード強化時、ボーカル上昇+3

イベントによるパラメータ上昇+50%","初期ボーカル上昇+55

ボーカルSPレッスン発生率+21%

レッスンサポート発生率+74.6%

ボーカルレッスン終了時、ボーカル上昇+4

スキルカード強化時、ボーカル上昇+3

イベントによるパラメータ上昇+75%","初期ボーカル上昇+59

ボーカルSPレッスン発生率+28%

レッスンサポート発生率+83.1%

ボーカルレッスン終了時、ボーカル上昇+4

スキルカード強化時、ボーカル上昇+3

イベントによるパラメータ上昇+75%","初期ボーカル上昇+62

ボーカルSPレッスン発生率+28%

レッスンサポート発生率+91.5%

ボーカルレッスン終了時、ボーカル上昇+6

スキルカード強化時、ボーカル上昇+3

イベントによるパラメータ上昇+75%","初期ボーカル上昇+65

ボーカルSPレッスン発生率+28%

レッスンサポート発生率+100.0%

ボーカルレッスン終了時、ボーカル上昇+6

スキルカード強化時、ボーカル上昇+4

イベントによるパラメータ上昇+100%"
次の桜の季節には。,free,Vo,70,skill_card,花萌ゆ季節,体力-4 ランダムな強化済みカードを手札に生成 スキルカード使用数追加+1 次のターン、カードを引く,,,30,ランダムカード強化,,8.5,,初期Pポイント+40,Voレス終了時Vo+6,スキル強化時Vo+4,,,,6,,,,,,,,,,,,,,,,4,,,,,,,,,,,,,,,,,,,,,,,,,,,,,,,,,,,"ボーカルレッスンボーナス+6.5%

初期Pポイント+30

レッスンサポート発生率+66.1%

ボーカルレッスン終了時、ボーカル上昇+4

スキルカード強化時、ボーカル上昇+3

イベントによるパラメータ上昇+50%","ボーカルレッスンボーナス+7.0%

初期Pポイント+30

レッスンサポート発生率+74.6%

ボーカルレッスン終了時、ボーカル上昇+4

スキルカード強化時、ボーカル上昇+3

イベントによるパラメータ上昇+75%","ボーカルレッスンボーナス+7.5%

初期Pポイント+40

レッスンサポート発生率+83.1%

ボーカルレッスン終了時、ボーカル上昇+4

スキルカード強化時、ボーカル上昇+3

イベントによるパラメータ上昇+75%","ボーカルレッスンボーナス+8.0%

初期Pポイント+40

レッスンサポート発生率+91.5%

ボーカルレッスン終了時、ボーカル上昇+6

スキルカード強化時、ボーカル上昇+3

イベントによるパラメータ上昇+75%","ボーカルレッスンボーナス+8.5%

初期Pポイント+40

レッスンサポート発生率+100.0%

ボーカルレッスン終了時、ボーカル上昇+6

スキルカード強化時、ボーカル上昇+4

イベントによるパラメータ上昇+100%"
ほら、一緒に持と♪,free,Da,112,item,夢にあふれた大荷物,Daターン カード使用数+1（レッスン内1回）,,,40,ランダム「基本」チェンジ,,8.5,,初期Pポイント+40,Daレス終了時Da+6,アクティブ獲得時Da+3,,,,,6,,,,,,,,,,,,,,,,,,,,,,,3,,,,,,,,,,,,,,,,,,,,,,,,,,,"ダンスパラメータボーナス+6.5%

初期Pポイント+30

レッスンサポート発生率+66.1%

ダンスレッスン終了時、ダンス上昇+4

アクティブスキルカード獲得時、ダンス上昇+2

イベントによるパラメータ上昇+50%","ダンスパラメータボーナス+7.0%

初期Pポイント+30

レッスンサポート発生率+74.6%

ダンスレッスン終了時、ダンス上昇+4

アクティブスキルカード獲得時、ダンス上昇+2

イベントによるパラメータ上昇+75%","ダンスパラメータボーナス+7.5%

初期Pポイント+40

レッスンサポート発生率+83.1%

ダンスレッスン終了時、ダンス上昇+4

アクティブスキルカード獲得時、ダンス上昇+2

イベントによるパラメータ上昇+75%","ダンスパラメータボーナス+8.0%

初期Pポイント+40

レッスンサポート発生率+91.5%

ダンスレッスン終了時、ダンス上昇+6

アクティブスキルカード獲得時、ダンス上昇+2

イベントによるパラメータ上昇+75%","ダンスパラメータボーナス+8.5%

初期Pポイント+40

レッスンサポート発生率+100.0%

ダンスレッスン終了時、ダンス上昇+6

アクティブスキルカード獲得時、ダンス上昇+3

イベントによるパラメータ上昇+100%"
魅惑の大腿四頭筋,free,Da,113,skill_card,ストレッチ談議,体力-3 3ターン目以降使用可 パラメータ+3 消費体力減少2ターン 次ターン、手札をレッスン中強化,,,30,--,,6.4,,初期Pポイント+30,Daレス終了時Da+4,活動支給差し入れ選択時Da+11,,,,,4,,,,,,11,,,,,,,,,,,,,,,,,,,,,,,,,,,,,,,,,,,,,,,,,,,,"ダンスパラメータボーナス+4.4%

初期Pポイント+15

レッスンサポート発生率+59.2%

ダンスレッスン終了時、ダンス上昇+2

活動支給・差し入れ選択時、ダンス上昇+6

イベントによるパラメータ上昇+50%","ダンスパラメータボーナス+4.9%

初期Pポイント+30

レッスンサポート発生率+69.4%

ダンスレッスン終了時、ダンス上昇+2

活動支給・差し入れ選択時、ダンス上昇+6

イベントによるパラメータ上昇+50%","ダンスパラメータボーナス+5.4%

初期Pポイント+30

レッスンサポート発生率+79.6%

ダンスレッスン終了時、ダンス上昇+2

活動支給・差し入れ選択時、ダンス上昇+6

イベントによるパラメータ上昇+75%","ダンスパラメータボーナス+5.9%

初期Pポイント+30

レッスンサポート発生率+89.8%

ダンスレッスン終了時、ダンス上昇+2

活動支給・差し入れ選択時、ダンス上昇+11

イベントによるパラメータ上昇+75%","ダンスパラメータボーナス+6.4%

初期Pポイント+30

レッスンサポート発生率+100.0%

ダンスレッスン終了時、ダンス上昇+4

活動支給・差し入れ選択時、ダンス上昇+11

イベントによるパラメータ上昇+100%"
晴れたね,free,Da,55,item,虹かけるクロス,Daターン Aカード使用時 体力回復2（レッスン内3回）,,,40,ランダムカード強化,,8.5,,DaSP終了時体力回復7,休む選択時Da+22,お出かけ終了時Da+15,,,,,,,,,,,,,15,,,22,,,,,,,,,,,,,,,,,,,,,,,,,,,,,,,,,,,,,,,"ダンスレッスンボーナス+6.5%

ダンスSPレッスン終了時、体力回復5

レッスンサポート発生率+66.1%

休む選択時、ダンス上昇+17

お出かけ終了時、ダンス上昇+11

イベントによるパラメータ上昇+50%","ダンスレッスンボーナス+7.0%

ダンスSPレッスン終了時、体力回復5

レッスンサポート発生率+74.6%

休む選択時、ダンス上昇+17

お出かけ終了時、ダンス上昇+11

イベントによるパラメータ上昇+75%","ダンスレッスンボーナス+7.5%

ダンスSPレッスン終了時、体力回復7

レッスンサポート発生率+83.1%

休む選択時、ダンス上昇+17

お出かけ終了時、ダンス上昇+11

イベントによるパラメータ上昇+75%","ダンスレッスンボーナス+8.0%

ダンスSPレッスン終了時、体力回復7

レッスンサポート発生率+91.5%

休む選択時、ダンス上昇+22

お出かけ終了時、ダンス上昇+11

イベントによるパラメータ上昇+75%","ダンスレッスンボーナス+8.5%

ダンスSPレッスン終了時、体力回復7

レッスンサポート発生率+100.0%

休む選択時、ダンス上昇+22

お出かけ終了時、ダンス上昇+15

イベントによるパラメータ上昇+100%"
1人たりとも欠ける事なく,free,Vo,72,item,みんなの教科書,Voターン ターン開始時 体力50％以下の場合 体力回復4,,,30,ランダムカード強化,65,,,VoSP率+21％,VoSP終了時体力回復5,相談選択時Vo+14,,,,,,,,,,,,,,14,,,,,,,,,,,,,,,,,,,,,,,,,,,,,,,,,,,,,,21,,,"初期ボーカル上昇+52

ボーカルSPレッスン発生率+14%

レッスンサポート発生率+66.1%

ボーカルSPレッスン終了時、体力回復4

相談選択時、ボーカル上昇+9

イベントによるパラメータ上昇+50%","初期ボーカル上昇+55

ボーカルSPレッスン発生率+14%

レッスンサポート発生率+74.6%

ボーカルSPレッスン終了時、体力回復4

相談選択時、ボーカル上昇+9

イベントによるパラメータ上昇+75%","初期ボーカル上昇+59

ボーカルSPレッスン発生率+21%

レッスンサポート発生率+83.1%

ボーカルSPレッスン終了時、体力回復4

相談選択時、ボーカル上昇+9

イベントによるパラメータ上昇+75%","初期ボーカル上昇+62

ボーカルSPレッスン発生率+21%

レッスンサポート発生率+91.5%

ボーカルSPレッスン終了時、体力回復4

相談選択時、ボーカル上昇+14

イベントによるパラメータ上昇+75%","初期ボーカル上昇+65

ボーカルSPレッスン発生率+21%

レッスンサポート発生率+100.0%

ボーカルSPレッスン終了時、体力回復5

相談選択時、ボーカル上昇+14

イベントによるパラメータ上昇+100%"
「ア」じゃなくて「エ」！,logic,Vi,66,skill_card,お泊り猛勉強,体力消費1 好印象+5,,,30,ランダムカード強化,65,,,ViSP率+28％,Viレス終了時Vi+6,メンタル獲得時Vi+3,,,,,,6,,,,,,,,,,,,,,,,,,,3,,,,,,,,,,,,,,,,,,,,,,,,,,,,,28,"初期ビジュアル上昇+52

ビジュアルSPレッスン発生率+21%

レッスンサポート発生率+66.1%

ビジュアルレッスン終了時、ビジュアル上昇+4

メンタルスキルカード獲得時、ビジュアル上昇+2

イベントによるパラメータ上昇+50%","初期ビジュアル上昇+55

ビジュアルSPレッスン発生率+21%

レッスンサポート発生率+74.6%

ビジュアルレッスン終了時、ビジュアル上昇+4

メンタルスキルカード獲得時、ビジュアル上昇+2

イベントによるパラメータ上昇+75%","初期ビジュアル上昇+59

ビジュアルSPレッスン発生率+28%

レッスンサポート発生率+83.1%

ビジュアルレッスン終了時、ビジュアル上昇+4

メンタルスキルカード獲得時、ビジュアル上昇+2

イベントによるパラメータ上昇+75%","初期ビジュアル上昇+62

ビジュアルSPレッスン発生率+28%

レッスンサポート発生率+91.5%

ビジュアルレッスン終了時、ビジュアル上昇+6

メンタルスキルカード獲得時、ビジュアル上昇+2

イベントによるパラメータ上昇+75%","初期ビジュアル上昇+65

ビジュアルSPレッスン発生率+28%

レッスンサポート発生率+100.0%

ビジュアルレッスン終了時、ビジュアル上昇+6

メンタルスキルカード獲得時、ビジュアル上昇+3

イベントによるパラメータ上昇+100%"
お疲れ様、千奈ちゃん。,free,Vi,66,skill_card,陽だまりの生徒会室,体力-3 体力回復3 スキルカード使用数追加+1,,,30,ランダムカード強化,,8.5,,初期Pポイント+40,Viレス終了時Vi+6,アクティブ獲得時Vi+3,,,,,,6,,,,,,,,,,,,,,,,,,,,,,3,,,,,,,,,,,,,,,,,,,,,,,,,,,"ビジュアルレッスンボーナス+6.5%

初期Pポイント+30

レッスンサポート発生率+66.1%

ビジュアルレッスン終了時、ビジュアル上昇+4

アクティブスキルカード獲得時、ビジュアル上昇+2

イベントによるパラメータ上昇+50%","ビジュアルレッスンボーナス+7.0%

初期Pポイント+30

レッスンサポート発生率+74.6%

ビジュアルレッスン終了時、ビジュアル上昇+4

アクティブスキルカード獲得時、ビジュアル上昇+2

イベントによるパラメータ上昇+75%","ビジュアルレッスンボーナス+7.5%

初期Pポイント+40

レッスンサポート発生率+83.1%

ビジュアルレッスン終了時、ビジュアル上昇+4

アクティブスキルカード獲得時、ビジュアル上昇+2

イベントによるパラメータ上昇+75%","ビジュアルレッスンボーナス+8.0%

初期Pポイント+40

レッスンサポート発生率+91.5%

ビジュアルレッスン終了時、ビジュアル上昇+6

アクティブスキルカード獲得時、ビジュアル上昇+2

イベントによるパラメータ上昇+75%","ビジュアルレッスンボーナス+8.5%

初期Pポイント+40

レッスンサポート発生率+100.0%

ビジュアルレッスン終了時、ビジュアル上昇+6

アクティブスキルカード獲得時、ビジュアル上昇+3

イベントによるパラメータ上昇+100%"
相手にとって不足なしよ！,anomaly,Vi,123,skill_card,対戦お願いします！,山札か捨札にあるスキルカードを選択し、保留に移動 スキルカードを引く スキルカード使用数追加+1,,,40,ランダムカード強化,65,,,ViSP率+28％,ViSP終了時Vi+17,メンタル削除時Vi+22（3回のみ）,,17,,,,,,,,,,,,,,,,,,,,,,,,,22,,,,,,,,,,,,,,,,,,,,,,,,,,,28,"初期ビジュアル上昇+52

ビジュアルSPレッスン発生率+21%

レッスンサポート発生率+66.1%

ビジュアルSPレッスン終了時、ビジュアル上昇+13

メンタルスキルカード削除時、ビジュアル上昇+17(プロデュース中3回)

イベントによるパラメータ上昇+50%","初期ビジュアル上昇+55

ビジュアルSPレッスン発生率+21%

レッスンサポート発生率+74.6%

ビジュアルSPレッスン終了時、ビジュアル上昇+13

メンタルスキルカード削除時、ビジュアル上昇+17(プロデュース中3回)

イベントによるパラメータ上昇+50%","初期ビジュアル上昇+59

ビジュアルSPレッスン発生率+21%

レッスンサポート発生率+83.1%

ビジュアルSPレッスン終了時、ビジュアル上昇+13

メンタルスキルカード削除時、ビジュアル上昇+17(プロデュース中3回)

イベントによるパラメータ上昇+75%","初期ビジュアル上昇+62

ビジュアルSPレッスン発生率+28%

レッスンサポート発生率+91.5%

ビジュアルSPレッスン終了時、ビジュアル上昇+13

メンタルスキルカード削除時、ビジュアル上昇+17(プロデュース中3回)

イベントによるパラメータ上昇+75%","初期ビジュアル上昇+65

ビジュアルSPレッスン発生率+28%

レッスンサポート発生率+100.0%

ビジュアルSPレッスン終了時、ビジュアル上昇+17

メンタルスキルカード削除時、ビジュアル上昇+22(プロデュース中3回)

イベントによるパラメータ上昇+100%"
みんなの意見を聞かせて♪,anomaly,Vo,105,item,麻央にぴったし,レッスン開始時 プライド+を手札に生成（レッスン内1回）,,,40,ランダムカード強化,65,,,VoSP率+21％,授業営業終了時Vo+5,アクティブ強化時Vo+7,,,,,,,,,,,,5,,,,,,,,,,,,,,,,,7,,,,,,,,,,,,,,,,,,,,,,,21,,,"初期ボーカル上昇+52

ボーカルSPレッスン発生率+14%

レッスンサポート発生率+66.1%

授業・営業終了時、ボーカル上昇+4

アクティブスキルカード強化時、ボーカル上昇+5

イベントによるパラメータ上昇+50%","初期ボーカル上昇+55

ボーカルSPレッスン発生率+14%

レッスンサポート発生率+74.6%

授業・営業終了時、ボーカル上昇+4

アクティブスキルカード強化時、ボーカル上昇+5

イベントによるパラメータ上昇+75%","初期ボーカル上昇+59

ボーカルSPレッスン発生率+21%

レッスンサポート発生率+83.1%

授業・営業終了時、ボーカル上昇+4

アクティブスキルカード強化時、ボーカル上昇+5

イベントによるパラメータ上昇+75%","初期ボーカル上昇+62

ボーカルSPレッスン発生率+21%

レッスンサポート発生率+91.5%

授業・営業終了時、ボーカル上昇+4

アクティブスキルカード強化時、ボーカル上昇+7

イベントによるパラメータ上昇+75%","初期ボーカル上昇+65

ボーカルSPレッスン発生率+21%

レッスンサポート発生率+100.0%

授業・営業終了時、ボーカル上昇+5

アクティブスキルカード強化時、ボーカル上昇+7

イベントによるパラメータ上昇+100%"
はいっ、みんなも一緒に♪,anomaly,Vo,45,item,ぜったいいっぱい！,温存効果カード獲得時 Vo400以上の場合 スキルカードを選択して強化（プロデュース中2回）,,,30,ランダムカード強化,,8.5,,VoSP率+28％,VoSP終了時体力回復7,お出かけ終了時Vo+15,,,,,,,,,,,,,15,,,,,,,,,,,,,,,,,,,,,,,,,,,,,,,,,,,,,,,28,,,"ボーカルレッスンボーナス+6.5%

ボーカルSPレッスン発生率+21%

レッスンサポート発生率+66.1%

ボーカルSPレッスン終了時、体力回復5

お出かけ終了時、ボーカル上昇+11

イベントによるパラメータ上昇+50%","ボーカルレッスンボーナス+7.0%

ボーカルSPレッスン発生率+21%

レッスンサポート発生率+74.6%

ボーカルSPレッスン終了時、体力回復5

お出かけ終了時、ボーカル上昇+11

イベントによるパラメータ上昇+50%","ボーカルレッスンボーナス+7.5%

ボーカルSPレッスン発生率+21%

レッスンサポート発生率+83.1%

ボーカルSPレッスン終了時、体力回復5

お出かけ終了時、ボーカル上昇+11

イベントによるパラメータ上昇+75%","ボーカルレッスンボーナス+8.0%

ボーカルSPレッスン発生率+28%

レッスンサポート発生率+91.5%

ボーカルSPレッスン終了時、体力回復5

お出かけ終了時、ボーカル上昇+11

イベントによるパラメータ上昇+75%","ボーカルレッスンボーナス+8.5%

ボーカルSPレッスン発生率+28%

レッスンサポート発生率+100.0%

ボーカルSPレッスン終了時、体力回復7

お出かけ終了時、ボーカル上昇+15

イベントによるパラメータ上昇+100%"
海、楽しまなきゃ！,logic,Vo,100,item,可愛い隠しバスタオル,やる気効果カード獲得時 Vo+6,6,やる気カード獲得時,40,--,49,,,レッスン終了時Pポイント+16.5％,VoSP終了時体力回復5,休む選択時Vo+17,,,,,,,,,,,,,,,,17,,,,,,,,,,,,,,,,,,,,,,,,,,,,,,,,,,,,,,,"初期ボーカル上昇+37

レッスン終了時、Pポイント獲得量増加+8.3%

レッスンサポート発生率+59.2%

ボーカルSPレッスン終了時、体力回復3

休む選択時、ボーカル上昇+9

イベントによるパラメータ上昇+50%","初期ボーカル上昇+40

レッスン終了時、Pポイント獲得量増加+16.5%

レッスンサポート発生率+69.4%

ボーカルSPレッスン終了時、体力回復3

休む選択時、ボーカル上昇+9

イベントによるパラメータ上昇+50%","初期ボーカル上昇+43

レッスン終了時、Pポイント獲得量増加+16.5%

レッスンサポート発生率+79.6%

ボーカルSPレッスン終了時、体力回復3

休む選択時、ボーカル上昇+9

イベントによるパラメータ上昇+75%","初期ボーカル上昇+46

レッスン終了時、Pポイント獲得量増加+16.5%

レッスンサポート発生率+89.8%

ボーカルSPレッスン終了時、体力回復3

休む選択時、ボーカル上昇+17

イベントによるパラメータ上昇+75%","初期ボーカル上昇+49

レッスン終了時、Pポイント獲得量増加+16.5%

レッスンサポート発生率+100.0%

ボーカルSPレッスン終了時、体力回復5

休む選択時、ボーカル上昇+17

イベントによるパラメータ上昇+100%"
第2回教室パーティー！,free,Vi,68,skill_card,薄れゆく壁,体力-5 元気+3 次ターン、手札をレッスン中強化 2ターン後、手札をレッスン中強化,,,30,ランダムカード強化,65,,,ViSP率+21％,Viレス終了時Vi+4,試験・オデ終了時Vi+17（2回のみ）,,,,,,4,,,,,,,,,,,17,,,,,,,,,,,,,,,,,,,,,,,,,,,,,,,,,,,,,21,"初期ビジュアル上昇+52

ビジュアルSPレッスン発生率+14%

レッスンサポート発生率+66.1%

ビジュアルレッスン終了時、ビジュアル上昇+3

試験・オーディション終了時、ビジュアル上昇+11（プロデュース中2回）

イベントによるパラメータ上昇+50%","初期ビジュアル上昇+55

ビジュアルSPレッスン発生率+14%

レッスンサポート発生率+74.6%

ビジュアルレッスン終了時、ビジュアル上昇+3

試験・オーディション終了時、ビジュアル上昇+11（プロデュース中2回）

イベントによるパラメータ上昇+75%","初期ビジュアル上昇+59

ビジュアルSPレッスン発生率+21%

レッスンサポート発生率+83.1%

ビジュアルレッスン終了時、ビジュアル上昇+3

試験・オーディション終了時、ビジュアル上昇+11（プロデュース中2回）

イベントによるパラメータ上昇+75%","初期ビジュアル上昇+62

ビジュアルSPレッスン発生率+21%

レッスンサポート発生率+91.5%

ビジュアルレッスン終了時、ビジュアル上昇+3

試験・オーディション終了時、ビジュアル上昇+17（プロデュース中2回）

イベントによるパラメータ上昇+75%","初期ビジュアル上昇+65

ビジュアルSPレッスン発生率+21%

レッスンサポート発生率+100.0%

ビジュアルレッスン終了時、ビジュアル上昇+4

試験・オーディション終了時、ビジュアル上昇+17（プロデュース中2回）

イベントによるパラメータ上昇+100%"
貸せ、手本を見せてやる！,free,Vi,96,item,めちゃかわプリ,ターン開始後、直前にアクティブスキルカードを使用した状態の場合、山札か捨札にあるアイドル固有スキルカード1枚を手札に移動 ランダムな手札1枚をレッスン中強化（レッスン内1回）,,,30,ランダム「基本」チェンジ,65,,,ViSP率+21％,Pアイテム獲得時Vi+11（6回のみ）,試験・オデ終了時体力回復6（1回のみ）,,,,,,,,,,,,,,,,,,,,,,,,,,,,,,,,,,,,,11,,,,,,,,,,,,,,,,,21,"初期ビジュアル上昇+52

ビジュアルSPレッスン発生率+14%

レッスンサポート発生率+66.1%

Pアイテム獲得時、ビジュアル上昇+8（プロデュース中6回）

試験・オーディション終了時、体力回復+4（プロデュース中1回）

イベントによるパラメータ上昇+50%","初期ビジュアル上昇+55

ビジュアルSPレッスン発生率+14%

レッスンサポート発生率+74.6%

Pアイテム獲得時、ビジュアル上昇+8（プロデュース中6回）

試験・オーディション終了時、体力回復+4（プロデュース中1回）

イベントによるパラメータ上昇+75%","初期ビジュアル上昇+59

ビジュアルSPレッスン発生率+21%

レッスンサポート発生率+83.1%

Pアイテム獲得時、ビジュアル上昇+8（プロデュース中6回）

試験・オーディション終了時、体力回復+4（プロデュース中1回）

イベントによるパラメータ上昇+75%","初期ビジュアル上昇+62

ビジュアルSPレッスン発生率+21%

レッスンサポート発生率+91.5%

Pアイテム獲得時、ビジュアル上昇+8（プロデュース中6回）

試験・オーディション終了時、体力回復+6（プロデュース中1回）

イベントによるパラメータ上昇+75%","初期ビジュアル上昇+65

ビジュアルSPレッスン発生率+21%

レッスンサポート発生率+100%

Pアイテム獲得時、ビジュアル上昇+11（プロデュース中6回）

試験・オーディション終了時、体力回復+6（プロデュース中1回）

イベントによるパラメータ上昇+100%"
迷子のおしらせです,logic,Vi,95,item,迷子のお呼び出し,レッスン開始時 本番前夜+を手札に生成（レッスン内1回）,,,40,ランダムカード強化,65,,,ViSP率+21％,メンタル獲得時Vi+2,メンタル強化時Vi+7,,,,,,,,,,,,,,,,,,,,,,,,,2,7,,,,,,,,,,,,,,,,,,,,,,,,,,,,21,"初期ビジュアル上昇+52

ビジュアルSPレッスン発生率+14%

レッスンサポート発生率+66.1%

メンタルスキルカード獲得時、ビジュアル上昇+1

メンタルスキルカード強化時、ビジュアル上昇+5

イベントによるパラメータ上昇+50%","初期ビジュアル上昇+55

ビジュアルSPレッスン発生率+14%

レッスンサポート発生率+74.6%

メンタルスキルカード獲得時、ビジュアル上昇+1

メンタルスキルカード強化時、ビジュアル上昇+5

イベントによるパラメータ上昇+75%","初期ビジュアル上昇+59

ビジュアルSPレッスン発生率+21%

レッスンサポート発生率+83.1%

メンタルスキルカード獲得時、ビジュアル上昇+1

メンタルスキルカード強化時、ビジュアル上昇+5

イベントによるパラメータ上昇+75%","初期ビジュアル上昇+62

ビジュアルSPレッスン発生率+21%

レッスンサポート発生率+91.5%

メンタルスキルカード獲得時、ビジュアル上昇+1

メンタルスキルカード強化時、ビジュアル上昇+7

イベントによるパラメータ上昇+75%","初期ビジュアル上昇+65

ビジュアルSPレッスン発生率+21%

レッスンサポート発生率+100.0%

メンタルスキルカード獲得時、ビジュアル上昇+2

メンタルスキルカード強化時、ビジュアル上昇+7

イベントによるパラメータ上昇+100%"
あなたにも作ってあげる！,free,Vi,46,item,得体のしれないモノ,Viターン 上昇量増加50％ 1ターン（レッスン内3回）,,,40,ランダム「基本」チェンジ,65,,,初期Pポイント+40,Viレス終了時Vi+6,休む選択時Vi+22,,,,,,6,,,,,,,,,,22,,,,,,,,,,,,,,,,,,,,,,,,,,,,,,,,,,,,,,,"初期ビジュアル上昇+52

初期Pポイント+30

レッスンサポート発生率+66.1%

ビジュアルレッスン終了時、ビジュアル上昇+4

休む選択時、ビジュアル上昇+17

イベントによるパラメータ上昇+50%","初期ビジュアル上昇+55

初期Pポイント+30

レッスンサポート発生率+74.6%

ビジュアルレッスン終了時、ビジュアル上昇+4

休む選択時、ビジュアル上昇+17

イベントによるパラメータ上昇+75%","初期ビジュアル上昇+59

初期Pポイント+40

レッスンサポート発生率+83.1%

ビジュアルレッスン終了時、ビジュアル上昇+4

休む選択時、ビジュアル上昇+17

イベントによるパラメータ上昇+75%","初期ビジュアル上昇+62

初期Pポイント+40

レッスンサポート発生率+91.5%

ビジュアルレッスン終了時、ビジュアル上昇+6

休む選択時、ビジュアル上昇+17

イベントによるパラメータ上昇+75%","初期ビジュアル上昇+65

初期Pポイント+40

レッスンサポート発生率+100.0%

ビジュアルレッスン終了時、ビジュアル上昇+6

休む選択時、ビジュアル上昇+22

イベントによるパラメータ上昇+100%"
SSDのひみつ,logic,Vi,98,item,ぜったいマル秘レシピ,好印象効果カード獲得時 Vi700以上の場合 スキルカードを選択して削除 Pポイント+40（プロデュース中1回）,,,30,--,49,,,ViSP率+21％,ViSP終了時Vi+13,活動支給差し入れ選択時Vi+11,,13,,,,,,,,,11,,,,,,,,,,,,,,,,,,,,,,,,,,,,,,,,,,,,,,,,,,,21,"初期ビジュアル上昇+37

ビジュアルSPレッスン発生率+10.5%

レッスンサポート発生率+59.2%

ビジュアルSPレッスン終了時、ビジュアル上昇+7

活動支給・差し入れ選択時、ビジュアル上昇+6

イベントによるパラメータ上昇+50%","初期ビジュアル上昇+40

ビジュアルSPレッスン発生率+10.5%

レッスンサポート発生率+69.4%

ビジュアルSPレッスン終了時、ビジュアル上昇+7

活動支給・差し入れ選択時、ビジュアル上昇+6

イベントによるパラメータ上昇+50%","初期ビジュアル上昇+43

ビジュアルSPレッスン発生率+21%

レッスンサポート発生率+79.6%

ビジュアルSPレッスン終了時、ビジュアル上昇+7

活動支給・差し入れ選択時、ビジュアル上昇+6

イベントによるパラメータ上昇+75%","初期ビジュアル上昇+46

ビジュアルSPレッスン発生率+21%

レッスンサポート発生率+89.8%

ビジュアルSPレッスン終了時、ビジュアル上昇+7

活動支給・差し入れ選択時、ビジュアル上昇+11

イベントによるパラメータ上昇+75%","初期ビジュアル上昇+49

ビジュアルSPレッスン発生率+21%

レッスンサポート発生率+100.0%

ビジュアルSPレッスン終了時、ビジュアル上昇+13

活動支給・差し入れ選択時、ビジュアル上昇+11

イベントによるパラメータ上昇+100%"
仕事のつもりで臨みなさい,free,Vi,54,skill_card,新生徒会爆誕！,体力-5 レッスン開始時手札に入る 消費体力減少2ターン スキルカード使用数追加+1,,,30,ランダムトラブル削除,65,,,初期Pポイント+30,Viレス終了時Vi+4,メンタル獲得時Vi+2,,,,,,4,,,,,,,,,,,,,,,,,,,2,,,,,,,,,,,,,,,,,,,,,,,,,,,,,,"初期ビジュアル上昇+52

初期Pポイント+20

レッスンサポート発生率+66.1%

ビジュアルレッスン終了時、ビジュアル上昇+3

メンタルスキルカード獲得時、ビジュアル上昇+1

イベントによるパラメータ上昇+50%","初期ビジュアル上昇+55

初期Pポイント+20

レッスンサポート発生率+74.6%

ビジュアルレッスン終了時、ビジュアル上昇+3

メンタルスキルカード獲得時、ビジュアル上昇+1

イベントによるパラメータ上昇+75%","初期ビジュアル上昇+59

初期Pポイント+30

レッスンサポート発生率+83.1%

ビジュアルレッスン終了時、ビジュアル上昇+3

メンタルスキルカード獲得時、ビジュアル上昇+1

イベントによるパラメータ上昇+75%","初期ビジュアル上昇+62

初期Pポイント+30

レッスンサポート発生率+91.5%

ビジュアルレッスン終了時、ビジュアル上昇+3

メンタルスキルカード獲得時、ビジュアル上昇+2

イベントによるパラメータ上昇+75%","初期ビジュアル上昇+65

初期Pポイント+30

レッスンサポート発生率+100.0%

ビジュアルレッスン終了時、ビジュアル上昇+4

メンタルスキルカード獲得時、ビジュアル上昇+2

イベントによるパラメータ上昇+100%"
お姉ちゃんに任せなさい！,free,Vi,97,item,満開ペアヘアピン,Viターン Aカード使用時 体力回復2（レッスン内3回）,,,40,ランダムカード強化,,8.5,,ViSP終了時Pポイント+45％,ViSP終了時Vi+17,スキル強化時Vi+4,,17,,,,,,,,,,,,,,,,,,4,,,,,,,,,,,,,,,,,,,,,,,,,,,,,,,,,,,"ビジュアルレッスンボーナス+6.5%

ビジュアルSPレッスン終了時、Pポイント獲得量増加+33%

レッスンサポート発生率+66.1%

ビジュアルSPレッスン終了時、ビジュアル上昇+13

スキルカード強化時、ビジュアル上昇+3

イベントによるパラメータ上昇+50%","ビジュアルレッスンボーナス+7.0%

ビジュアルSPレッスン終了時、Pポイント獲得量増加+33%

レッスンサポート発生率+74.6%

ビジュアルSPレッスン終了時、ビジュアル上昇+13

スキルカード強化時、ビジュアル上昇+3

イベントによるパラメータ上昇+75%","ビジュアルレッスンボーナス+7.5%

ビジュアルSPレッスン終了時、Pポイント獲得量増加+45%

レッスンサポート発生率+83.1%

ビジュアルSPレッスン終了時、ビジュアル上昇+13

スキルカード強化時、ビジュアル上昇+3

イベントによるパラメータ上昇+75%","ビジュアルレッスンボーナス+8.0%

ビジュアルSPレッスン終了時、Pポイント獲得量増加+45%

レッスンサポート発生率+91.5%

ビジュアルSPレッスン終了時、ビジュアル上昇+17

スキルカード強化時、ビジュアル上昇+3

イベントによるパラメータ上昇+75%","ビジュアルレッスンボーナス+8.5%

ビジュアルSPレッスン終了時、Pポイント獲得量増加+45%

レッスンサポート発生率+100.0%

ビジュアルSPレッスン終了時、ビジュアル上昇+17

スキルカード強化時、ビジュアル上昇+4

イベントによるパラメータ上昇+100%"
SSCの爆誕,anomaly,Vi,53,skill_card,愛情レインボー,温存の場合、使用可 全力値+2 体力回復2 山札にあるスキルカードを選択し、保留に移動,,,30,--,,6.4,,ViSP率+21％,ViSP終了時Vi+13,お出かけ終了時Vi+10,,13,,,,,,,,,,,10,,,,,,,,,,,,,,,,,,,,,,,,,,,,,,,,,,,,,,,,,21,"ビジュアルパラメータボーナス+4.4%

ビジュアルSPレッスン発生率+10.5%

レッスンサポート発生率+59.2%

ビジュアルSPレッスン終了時、ビジュアル上昇+7

お出かけ終了時、ビジュアル上昇+5

イベントによるパラメータ上昇+50%","ビジュアルパラメータボーナス+4.9%

ビジュアルSPレッスン発生率+21%

レッスンサポート発生率+69.4%

ビジュアルSPレッスン終了時、ビジュアル上昇+7

お出かけ終了時、ビジュアル上昇+5

イベントによるパラメータ上昇+50%","ビジュアルパラメータボーナス+5.4%

ビジュアルSPレッスン発生率+21%

レッスンサポート発生率+79.6%

ビジュアルSPレッスン終了時、ビジュアル上昇+7

お出かけ終了時、ビジュアル上昇+5

イベントによるパラメータ上昇+75%","ビジュアルパラメータボーナス+5.9%

ビジュアルSPレッスン発生率+21%

レッスンサポート発生率+89.8%

ビジュアルSPレッスン終了時、ビジュアル上昇+7

お出かけ終了時、ビジュアル上昇+10

イベントによるパラメータ上昇+75%","ビジュアルパラメータボーナス+6.4%

ビジュアルSPレッスン発生率+21%

レッスンサポート発生率+100.0%

ビジュアルSPレッスン終了時、ビジュアル上昇+13

お出かけ終了時、ビジュアル上昇+10

イベントによるパラメータ上昇+100%"
まだまだのばしてー,free,Vi,40,item,体ほぐしローラー,ViSP終了時 ランダムPドリンク（SR以上）（プロデュース中2回）,,,30,--,49,,,ViSP率+21％,最大体力+3,お出かけ終了時Vi+10,,,,,,,,,,,,,10,,,,,,,,,,,,,,,,,,,,,,,,,,,,,,,,,,,,,,,,,21,"初期ビジュアル上昇+37

ビジュアルSPレッスン発生率+10.5%

レッスンサポート発生率+59.2%

最大体力上昇+2

お出かけ終了時、ビジュアル上昇+5

イベントによるパラメータ上昇+50%","初期ビジュアル上昇+40

ビジュアルSPレッスン発生率+21%

レッスンサポート発生率+69.4%

最大体力上昇+2

お出かけ終了時、ビジュアル上昇+5

イベントによるパラメータ上昇+50%","初期ビジュアル上昇+43

ビジュアルSPレッスン発生率+21%

レッスンサポート発生率+79.6%

最大体力上昇+2

お出かけ終了時、ビジュアル上昇+5

イベントによるパラメータ上昇+75%","初期ビジュアル上昇+46

ビジュアルSPレッスン発生率+21%

レッスンサポート発生率+89.8%

最大体力上昇+2

お出かけ終了時、ビジュアル上昇+10

イベントによるパラメータ上昇+75%","初期ビジュアル上昇+49

ビジュアルSPレッスン発生率+21%

レッスンサポート発生率+100.0%

最大体力上昇+3

お出かけ終了時、ビジュアル上昇+10

イベントによるパラメータ上昇+100%"
イヤホンはんぶんこ,logic,Vo,40,skill_card,なに聴いてるの？,体力-0 元気+2 体力回復3,,,30,--,49,,,VoSP終了時体力回復5,休む選択時Vo+17,お出かけ終了時Vo+10,,,,,,,,,,,,,10,,,17,,,,,,,,,,,,,,,,,,,,,,,,,,,,,,,,,,,,,,,"初期ボーカル上昇+37

ボーカルSPレッスン終了時、体力回復3

レッスンサポート発生率+59.2%

休む選択時、ボーカル上昇+9

お出かけ終了時、ボーカル上昇+5

イベントによるパラメータ上昇+50%","初期ボーカル上昇+40

ボーカルSPレッスン終了時、体力回復5

レッスンサポート発生率+69.4%

休む選択時、ボーカル上昇+9

お出かけ終了時、ボーカル上昇+5

イベントによるパラメータ上昇+50%","初期ボーカル上昇+43

ボーカルSPレッスン終了時、体力回復5

レッスンサポート発生率+79.6%

休む選択時、ボーカル上昇+9

お出かけ終了時、ボーカル上昇+5

イベントによるパラメータ上昇+75%","初期ボーカル上昇+46

ボーカルSPレッスン終了時、体力回復5

レッスンサポート発生率+89.8%

休む選択時、ボーカル上昇+9

お出かけ終了時、ボーカル上昇+10

イベントによるパラメータ上昇+75%","初期ボーカル上昇+49

ボーカルSPレッスン終了時、体力回復5

レッスンサポート発生率+100.0%

休む選択時、ボーカル上昇+17

お出かけ終了時、ボーカル上昇+10

イベントによるパラメータ上昇+100%"
ばたんきゅー,logic,Vi,91,item,へとへとできゅー,好印象効果カード獲得時 Vi200以上の場合 スキルカードを選択して強化（プロデュース中1回）,,,30,--,49,,,ViSP率+21％,ViSP終了時Vi+13,メンタル削除時Vi+16（3回のみ）,,13,,,,,,,,,,,,,,,,,,,,,,,,,16,,,,,,,,,,,,,,,,,,,,,,,,,,,21,"初期ビジュアル上昇+37

ビジュアルSPレッスン発生率+10.5%

レッスンサポート発生率+59.2%

ビジュアルSPレッスン終了時、ビジュアル上昇+7

メンタルスキルカード削除時、ビジュアル上昇+8(プロデュース中3回)

イベントによるパラメータ上昇+50%","初期ビジュアル上昇+40

ビジュアルSPレッスン発生率+21%

レッスンサポート発生率+69.4%

ビジュアルSPレッスン終了時、ビジュアル上昇+7

メンタルスキルカード削除時、ビジュアル上昇+8(プロデュース中3回)

イベントによるパラメータ上昇+50%","初期ビジュアル上昇+43

ビジュアルSPレッスン発生率+21%

レッスンサポート発生率+79.6%

ビジュアルSPレッスン終了時、ビジュアル上昇+7

メンタルスキルカード削除時、ビジュアル上昇+8(プロデュース中3回)

イベントによるパラメータ上昇+75%","初期ビジュアル上昇+46

ビジュアルSPレッスン発生率+21%

レッスンサポート発生率+89.8%

ビジュアルSPレッスン終了時、ビジュアル上昇+7

メンタルスキルカード削除時、ビジュアル上昇+16(プロデュース中3回)

イベントによるパラメータ上昇+75%","初期ビジュアル上昇+49

ビジュアルSPレッスン発生率+21%

レッスンサポート発生率+100.0%

ビジュアルSPレッスン終了時、ビジュアル上昇+13

メンタルスキルカード削除時、ビジュアル上昇+16(プロデュース中3回)

イベントによるパラメータ上昇+100%"
さみだれ,anomaly,Vi,88,skill_card,雨宿りのバス停,体力-5 温存に変更 全力値+3 次ターン、手札をレッスン中強化,,,40,ランダムカード強化,,8.5,,ViSP終了時Pポイント+33％,ViSP終了時Vi+13,メンタル強化時Vi+7,,13,,,,,,,,,,,,,,,,,,,,,,,,7,,,,,,,,,,,,,,,,,,,,,,,,,,,,,"ビジュアルパラメータボーナス+6.5%

ビジュアルSPレッスン終了時、Pポイント獲得量増加+22%

レッスンサポート発生率+66.1%

ビジュアルSPレッスン終了時、ビジュアル上昇+9

メンタルスキルカード強化時、ビジュアル上昇+5

イベントによるパラメータ上昇+50%","ビジュアルパラメータボーナス+7.0%

ビジュアルSPレッスン終了時、Pポイント獲得量増加+22%

レッスンサポート発生率+74.6%

ビジュアルSPレッスン終了時、ビジュアル上昇+9

メンタルスキルカード強化時、ビジュアル上昇+5

イベントによるパラメータ上昇+50%","ビジュアルパラメータボーナス+7.5%

ビジュアルSPレッスン終了時、Pポイント獲得量増加+22%

レッスンサポート発生率+83.1%

ビジュアルSPレッスン終了時、ビジュアル上昇+9

メンタルスキルカード強化時、ビジュアル上昇+5

イベントによるパラメータ上昇+75%","ビジュアルパラメータボーナス+8.0%

ビジュアルSPレッスン終了時、Pポイント獲得量増加+33%

レッスンサポート発生率+91.5%

ビジュアルSPレッスン終了時、ビジュアル上昇+9

メンタルスキルカード強化時、ビジュアル上昇+7

イベントによるパラメータ上昇+75%","ビジュアルパラメータボーナス+8.5%

ビジュアルSPレッスン終了時、Pポイント獲得量増加+33%

レッスンサポート発生率+100.0%

ビジュアルSPレッスン終了時、ビジュアル上昇+13

メンタルスキルカード強化時、ビジュアル上昇+7

イベントによるパラメータ上昇+100%"
プロデュースって大変ね,anomaly,Da,74,item,アイドルパワー測定機,Daターン ターン開始時 温存の場合 体力回復5（レッスン内1回）,,,40,ランダムカード強化,65,,,DaSP率+21％,活動支給差し入れ選択時体力回復4,試験・オデ終了時Da+17（2回のみ）,,,,,,,,,,,,,,,,,17,,,,,,,,,,,,,,,,,,,,,,,,,,,,,,,,,,,,21,,"初期ダンス上昇+52

ダンスSPレッスン発生率+14%

レッスンサポート発生率+66.1%

活動支給・差し入れ選択時、体力回復3

試験・オーディション終了時、ダンス上昇+11（プロデュース中2回）

イベントによるパラメータ上昇+50%","初期ダンス上昇+55

ダンスSPレッスン発生率+14%

レッスンサポート発生率+74.6%

活動支給・差し入れ選択時、体力回復3

試験・オーディション終了時、ダンス上昇+11（プロデュース中2回）

イベントによるパラメータ上昇+50%","初期ダンス上昇+59

ダンスSPレッスン発生率+14%

レッスンサポート発生率+83.1%

活動支給・差し入れ選択時、体力回復3

試験・オーディション終了時、ダンス上昇+11（プロデュース中2回）

イベントによるパラメータ上昇+75%","初期ダンス上昇+62

ダンスSPレッスン発生率+21%

レッスンサポート発生率+91.5%

活動支給・差し入れ選択時、体力回復3

試験・オーディション終了時、ダンス上昇+11（プロデュース中2回）

イベントによるパラメータ上昇+75%","初期ダンス上昇+65

ダンスSPレッスン発生率+21%

レッスンサポート発生率+100.0%

活動支給・差し入れ選択時、体力回復4

試験・オーディション終了時、ダンス上昇+17（プロデュース中2回）

イベントによるパラメータ上昇+100%"
まるで王子様みたいな,free,Vi,87,item,星のリトルプリンス,Viターン 固定元気+2,,,40,ランダムカード強化,65,,,ViSP率+28％,ViSP終了時Vi+17,メンタル獲得時Vi+3,,17,,,,,,,,,,,,,,,,,,,,,,,3,,,,,,,,,,,,,,,,,,,,,,,,,,,,,28,"初期ビジュアル上昇+52

ビジュアルSPレッスン発生率+21%

レッスンサポート発生率+66.1%

ビジュアルSPレッスン終了時、ビジュアル上昇+13

メンタルスキルカード獲得時、ビジュアル上昇+2

イベントによるパラメータ上昇+50%","初期ビジュアル上昇+55

ビジュアルSPレッスン発生率+21%

レッスンサポート発生率+74.6%

ビジュアルSPレッスン終了時、ビジュアル上昇+13

メンタルスキルカード獲得時、ビジュアル上昇+2

イベントによるパラメータ上昇+75%","初期ビジュアル上昇+59

ビジュアルSPレッスン発生率+28%

レッスンサポート発生率+83.1%

ビジュアルSPレッスン終了時、ビジュアル上昇+13

メンタルスキルカード獲得時、ビジュアル上昇+2

イベントによるパラメータ上昇+75%","初期ビジュアル上昇+62

ビジュアルSPレッスン発生率+28%

レッスンサポート発生率+91.5%

ビジュアルSPレッスン終了時、ビジュアル上昇+17

メンタルスキルカード獲得時、ビジュアル上昇+2

イベントによるパラメータ上昇+75%","初期ビジュアル上昇+65

ビジュアルSPレッスン発生率+28%

レッスンサポート発生率+100.0%

ビジュアルSPレッスン終了時、ビジュアル上昇+17

メンタルスキルカード獲得時、ビジュアル上昇+3

イベントによるパラメータ上昇+100%"
スイッチON！,free,Da,38,none,,,10,,Pポイント+10,,,4.3,,初期Pポイント+20,Daレス終了時Da+3,お出かけ終了時Da+7,,,,,3,,,,,,,,7,,,,,,,,,,,,,,,,,,,,,,,,,,,,,,,,,,,,,,,,,,"ダンスレッスンボーナス+2.8%

初期Pポイント+20

レッスンサポート発生率+48.7%

ダンスレッスン終了時、ダンス上昇+1

お出かけ終了時、ダンス上昇+4","ダンスレッスンボーナス+3.2%

初期Pポイント+20

レッスンサポート発生率+61.5%

ダンスレッスン終了時、ダンス上昇+1

お出かけ終了時、ダンス上昇+4

イベントによるパラメータ上昇+50%","ダンスレッスンボーナス+3.6%

初期Pポイント+20

レッスンサポート発生率+74.4%

ダンスレッスン終了時、ダンス上昇+1

お出かけ終了時、ダンス上昇+7

イベントによるパラメータ上昇+50%","ダンスレッスンボーナス+4.0%

初期Pポイント+20

レッスンサポート発生率+87.2%

ダンスレッスン終了時、ダンス上昇+1

お出かけ終了時、ダンス上昇+7

イベントによるパラメータ上昇+75%","ダンスレッスンボーナス+4.3%

初期Pポイント+20

レッスンサポート発生率+100%

ダンスレッスン終了時、ダンス上昇+3

お出かけ終了時、ダンス上昇+7

イベントによるパラメータ上昇+100%"
主菓子、甘い、薄茶、渋み,anomaly,Vi,77,item,おもてなしの気持ち,温存効果カード強化時 Vi700以上の場合 ランダムなスキルカードを強化（プロデュース中2回）,,,30,--,49,,,ViSP率+21％,ViSP終了時Vi+13,試験・オデ終了時Vi+17（2回のみ）,,13,,,,,,,,,,,,,,,17,,,,,,,,,,,,,,,,,,,,,,,,,,,,,,,,,,,,,21,"初期ビジュアル上昇+37

ビジュアルSPレッスン発生率+10.5%

レッスンサポート発生率+59.2%

ビジュアルSPレッスン終了時、ビジュアル上昇+7

試験・オーディション終了時、ビジュアル上昇+9（プロデュース中2回）

イベントによるパラメータ上昇+50%","初期ビジュアル上昇+40

ビジュアルSPレッスン発生率+21%

レッスンサポート発生率+69.4%

ビジュアルSPレッスン終了時、ビジュアル上昇+7

試験・オーディション終了時、ビジュアル上昇+9（プロデュース中2回）

イベントによるパラメータ上昇+50%","初期ビジュアル上昇+43

ビジュアルSPレッスン発生率+21%

レッスンサポート発生率+79.6%

ビジュアルSPレッスン終了時、ビジュアル上昇+7

試験・オーディション終了時、ビジュアル上昇+9（プロデュース中2回）

イベントによるパラメータ上昇+75%","初期ビジュアル上昇+46

ビジュアルSPレッスン発生率+21%

レッスンサポート発生率+89.8%

ビジュアルSPレッスン終了時、ビジュアル上昇+7

試験・オーディション終了時、ビジュアル上昇+17（プロデュース中2回）

イベントによるパラメータ上昇+75%","初期ビジュアル上昇+49

ビジュアルSPレッスン発生率+21%

レッスンサポート発生率+100%

ビジュアルSPレッスン終了時、ビジュアル上昇+13

試験・オーディション終了時、ビジュアル上昇+17（プロデュース中2回）

イベントによるパラメータ上昇+100%"
体当たりのラブコール,free,Vi,77,skill_card,お姉ちゃんだもの！,体力-3 レッスン未クリアの場合、使用可 パラメータ+6 元気+6 次ターン、カードを引く,,,30,--,,6.4,,ViSP率+21％,ViSP終了時Vi+13,試験・オデ終了時Vi+17（2回のみ）,,13,,,,,,,,,,,,,,,17,,,,,,,,,,,,,,,,,,,,,,,,,,,,,,,,,,,,,21,"ビジュアルパラメータボーナス+4.4%

ビジュアルSPレッスン発生率+10.5%

レッスンサポート発生率+59.2%

ビジュアルSPレッスン終了時、ビジュアル上昇+7

試験・オーディション終了時、ビジュアル上昇+9（プロデュース中2回）

イベントによるパラメータ上昇+50%","ビジュアルパラメータボーナス+4.9%

ビジュアルSPレッスン発生率+21%

レッスンサポート発生率+69.4%

ビジュアルSPレッスン終了時、ビジュアル上昇+7

試験・オーディション終了時、ビジュアル上昇+9（プロデュース中2回）

イベントによるパラメータ上昇+50%","ビジュアルパラメータボーナス+5.4%

ビジュアルSPレッスン発生率+21%

レッスンサポート発生率+79.6%

ビジュアルSPレッスン終了時、ビジュアル上昇+7

試験・オーディション終了時、ビジュアル上昇+9（プロデュース中2回）

イベントによるパラメータ上昇+75%","ビジュアルパラメータボーナス+5.9%

ビジュアルSPレッスン発生率+21%

レッスンサポート発生率+89.8%

ビジュアルSPレッスン終了時、ビジュアル上昇+7

試験・オーディション終了時、ビジュアル上昇+17（プロデュース中2回）

イベントによるパラメータ上昇+75%","ビジュアルパラメータボーナス+6.4%

ビジュアルSPレッスン発生率+21%

レッスンサポート発生率+100.0%

ビジュアルSPレッスン終了時、ビジュアル上昇+13

試験・オーディション終了時、ビジュアル上昇+17（プロデュース中2回）

イベントによるパラメータ上昇+100%"
謹厳実直,free,Da,21,none,,,,,Pポイント+10,,,4.3,,初期Pポイント+20,Daレス終了時Da+3,特別指導開始時Da+13（3回のみ）,,,,,3,,,,,,,,,,,,,13,,,,,,,,,,,,,,,,,,,,,,,,,,,,,,,,,,,,,"ダンスレッスンボーナス+2.8%

初期Pポイント+20

レッスンサポート発生率+48.7%

ダンスレッスン終了時、ダンス上昇+1

特別指導開始時、ダンス上昇+7（プロデュース中3回）","ダンスレッスンボーナス+3.2%

初期Pポイント+20

レッスンサポート発生率+61.5%

ダンスレッスン終了時、ダンス上昇+1

特別指導開始時、ダンス上昇+7（プロデュース中3回）

イベントによるパラメータ上昇+50%","ダンスレッスンボーナス+3.6%

初期Pポイント+20

レッスンサポート発生率+74.4%

ダンスレッスン終了時、ダンス上昇+1

特別指導開始時、ダンス上昇+13（プロデュース中3回）

イベントによるパラメータ上昇+50%","ダンスレッスンボーナス+4.0%

初期Pポイント+20

レッスンサポート発生率+87.2%

ダンスレッスン終了時、ダンス上昇+1

特別指導開始時、ダンス上昇+13（プロデュース中3回）

イベントによるパラメータ上昇+75%","ダンスレッスンボーナス+4.3%

初期Pポイント+20

レッスンサポート発生率+100%

ダンスレッスン終了時、ダンス上昇+3

特別指導開始時、ダンス上昇+13（プロデュース中3回）

イベントによるパラメータ上昇+100%"
パシャっとキメポ,sense,Da,58,skill_card,キメ顔で自撮り,体力-4 好調3ターン 集中+2 体力50％以上の場合、次ターン、カードを引く,,,30,--,49,,,DaSP終了時体力回復5,Daレス終了時Da+4,休む選択時Da+17,,,,,4,,,,,,,,,,,17,,,,,,,,,,,,,,,,,,,,,,,,,,,,,,,,,,,,,,,"初期ダンス上昇+37

ダンスSPレッスン終了時、体力回復3

レッスンサポート発生率+59.2%

ダンスレッスン終了時、ダンス上昇+2

休む選択時、ダンス上昇+9

イベントによるパラメータ上昇+50%","初期ダンス上昇+40

ダンスSPレッスン終了時、体力回復5

レッスンサポート発生率+69.4%

ダンスレッスン終了時、ダンス上昇+2

休む選択時、ダンス上昇+9

イベントによるパラメータ上昇+50%","初期ダンス上昇+43

ダンスSPレッスン終了時、体力回復5

レッスンサポート発生率+79.6%

ダンスレッスン終了時、ダンス上昇+2

休む選択時、ダンス上昇+9

イベントによるパラメータ上昇+75%","初期ダンス上昇+46

ダンスSPレッスン終了時、体力回復5

レッスンサポート発生率+89.8%

ダンスレッスン終了時、ダンス上昇+2

休む選択時、ダンス上昇+17

イベントによるパラメータ上昇+75%","初期ダンス上昇+49

ダンスSPレッスン終了時、体力回復5

レッスンサポート発生率+100.0%

ダンスレッスン終了時、ダンス上昇+4

休む選択時、ダンス上昇+17

イベントによるパラメータ上昇+100%"
サンマ、パタパタ,free,Vi,73,skill_card,旬の味わい,体力-5 パラメータ+4（2回） 次ターン、手札をレッスン中強化,,,30,--,,6.4,,初期Pポイント+30,ViSP終了時Vi+13,スキル強化時Vi+3,,13,,,,,,,,,,,,,,,,,,3,,,,,,,,,,,,,,,,,,,,,,,,,,,,,,,,,,,"ビジュアルレッスンボーナス+4.9%

初期Pポイント+30

レッスンサポート発生率+59.2%

ビジュアルSPレッスン終了時、ビジュアル上昇+7

スキルカード強化時、ビジュアル上昇+2

イベントによるパラメータ上昇+50%","ビジュアルレッスンボーナス+5.4%

初期Pポイント+30

レッスンサポート発生率+69.4%

ビジュアルSPレッスン終了時、ビジュアル上昇+7

スキルカード強化時、ビジュアル上昇+2

イベントによるパラメータ上昇+50%","ビジュアルレッスンボーナス+5.9%

初期Pポイント+30

レッスンサポート発生率+79.6%

ビジュアルSPレッスン終了時、ビジュアル上昇+7

スキルカード強化時、ビジュアル上昇+2

イベントによるパラメータ上昇+75%","ビジュアルレッスンボーナス+6.4%

初期Pポイント+30

レッスンサポート発生率+89.8%

ビジュアルSPレッスン終了時、ビジュアル上昇+7

スキルカード強化時、ビジュアル上昇+3

イベントによるパラメータ上昇+75%","ビジュアルレッスンボーナス+6.4%

初期Pポイント+30

レッスンサポート発生率+100.0%

ビジュアルSPレッスン終了時、ビジュアル上昇+13

スキルカード強化時、ビジュアル上昇+3

イベントによるパラメータ上昇+100%"
わたしと美鈴、超仲良し,free,Vi,73,item,勝利より大切なもの,Viターン ターン開始時 体力が50%以下の場合 固定元気+10（レッスン内1回）,,,40,ランダム「基本」チェンジ,,8.5,,ViSP終了時体力回復5,ViSP終了時Vi+13,アクティブ獲得時Vi+2,,13,,,,,,,,,,,,,,,,,,,,,,,,,,2,,,,,,,,,,,,,,,,,,,,,,,,,,,"ビジュアルパラメータボーナス+6.5%

ビジュアルSPレッスン終了時、体力回復4

レッスンサポート発生率+66.1%

ビジュアルSPレッスン終了時、ビジュアル上昇+9

アクティブスキルカード獲得時、ビジュアル上昇+1

イベントによるパラメータ上昇+50%","ビジュアルパラメータボーナス+7.0%

ビジュアルSPレッスン終了時、体力回復4

レッスンサポート発生率+74.6%

ビジュアルSPレッスン終了時、ビジュアル上昇+9

アクティブスキルカード獲得時、ビジュアル上昇+1

イベントによるパラメータ上昇+75%","ビジュアルパラメータボーナス+7.5%

ビジュアルSPレッスン終了時、体力回復5

レッスンサポート発生率+83.1%

ビジュアルSPレッスン終了時、ビジュアル上昇+9

アクティブスキルカード獲得時、ビジュアル上昇+1

イベントによるパラメータ上昇+75%","ビジュアルパラメータボーナス+8.0%

ビジュアルSPレッスン終了時、体力回復5

レッスンサポート発生率+91.5%

ビジュアルSPレッスン終了時、ビジュアル上昇+9

アクティブスキルカード獲得時、ビジュアル上昇+2

イベントによるパラメータ上昇+75%","ビジュアルパラメータボーナス+8.5%

ビジュアルSPレッスン終了時、体力回復5

レッスンサポート発生率+100.0%

ビジュアルSPレッスン終了時、ビジュアル上昇+13

アクティブスキルカード獲得時、ビジュアル上昇+2

イベントによるパラメータ上昇+100%"
いめーじとれーにんぐ,free,Vo,28,none,,,10,,Pポイント+10,,,4.3,,初期Pポイント+20,Voレス終了時Vo+3,授業営業終了時Vo+3,,,,3,,,,,,,,3,,,,,,,,,,,,,,,,,,,,,,,,,,,,,,,,,,,,,,,,,,,"ボーカルパラメータボーナス+2.8%

初期Pポイント+20

レッスンサポート発生率+48.7%

ボーカルレッスン終了時、ボーカル上昇+1

授業・営業終了時、ボーカル上昇+2","ボーカルパラメータボーナス+3.2%

初期Pポイント+20

レッスンサポート発生率+61.5%

ボーカルレッスン終了時、ボーカル上昇+1

授業・営業終了時、ボーカル上昇+2

イベントによるパラメータ上昇+50%","ボーカルパラメータボーナス+3.6%

初期Pポイント+20

レッスンサポート発生率+74.4%

ボーカルレッスン終了時、ボーカル上昇+1

授業・営業終了時、ボーカル上昇+3

イベントによるパラメータ上昇+50%","ボーカルパラメータボーナス+4.0%

初期Pポイント+20

レッスンサポート発生率+87.2%

ボーカルレッスン終了時、ボーカル上昇+1

授業・営業終了時、ボーカル上昇+3

イベントによるパラメータ上昇+75%","ボーカルパラメータボーナス+4.3%

初期Pポイント+20

レッスンサポート発生率+100%

ボーカルレッスン終了時、ボーカル上昇+3

授業・営業終了時、ボーカル上昇+3

イベントによるパラメータ上昇+100%"
完全無欠のプランニング,free,Vi,31,none,,,10,,Pポイント+10,,,4.3,,初期Pポイント+20,Viレス終了時Vi+3,授業営業終了時Vi+3,,,,,,3,,,,,,3,,,,,,,,,,,,,,,,,,,,,,,,,,,,,,,,,,,,,,,,,,,"ビジュアルパラメータボーナス+2.8%

初期Pポイント+20

レッスンサポート発生率+48.7%

ビジュアルレッスン終了時、ビジュアル上昇+1

授業・営業終了時、ビジュアル上昇+2","ビジュアルパラメータボーナス+3.2%

初期Pポイント+20

レッスンサポート発生率+61.5%

ビジュアルレッスン終了時、ビジュアル上昇+1

授業・営業終了時、ビジュアル上昇+2

イベントによるパラメータ上昇+50%","ビジュアルパラメータボーナス+3.6%

初期Pポイント+20

レッスンサポート発生率+74.4%

ビジュアルレッスン終了時、ビジュアル上昇+1

授業・営業終了時、ビジュアル上昇+3

イベントによるパラメータ上昇+50%","ビジュアルパラメータボーナス+4.0%

初期Pポイント+20

レッスンサポート発生率+87.2%

ビジュアルレッスン終了時、ビジュアル上昇+1

授業・営業終了時、ビジュアル上昇+3

イベントによるパラメータ上昇+75%","ビジュアルパラメータボーナス+4.3%

初期Pポイント+20

レッスンサポート発生率+100%

ビジュアルレッスン終了時、ビジュアル上昇+3

授業・営業終了時、ビジュアル上昇+3

イベントによるパラメータ上昇+100%"
基礎＞応用,free,Vo,50,item,うるおいのどケア,VoSP終了時 ランダムPドリンク（SR以上）（プロデュース中2回）,,,30,--,49,,,VoSP率+21％,最大体力+3,スキル獲得時Vo+2,,,,,,,,,,,,,,,,,,,,,,2,,,,,,,,,,,,,,,,,,,,,,,,,,,,,,21,,,"初期ボーカル上昇+37

ボーカルSPレッスン発生率+10.5%

レッスンサポート発生率+59.2%

最大体力上昇+2

スキルカード獲得時、ボーカル上昇+1

イベントによるパラメータ上昇+50%","初期ボーカル上昇+40

ボーカルSPレッスン発生率+21%

レッスンサポート発生率+69.4%

最大体力上昇+2

スキルカード獲得時、ボーカル上昇+1

イベントによるパラメータ上昇+50%","初期ボーカル上昇+43

ボーカルSPレッスン発生率+21%

レッスンサポート発生率+79.6%

最大体力上昇+2

スキルカード獲得時、ボーカル上昇+1

イベントによるパラメータ上昇+75%","初期ボーカル上昇+46

ボーカルSPレッスン発生率+21%

レッスンサポート発生率+89.8%

最大体力上昇+2

スキルカード獲得時、ボーカル上昇+2

イベントによるパラメータ上昇+75%","初期ボーカル上昇+49

ボーカルSPレッスン発生率+21%

レッスンサポート発生率+100.0%

最大体力上昇+3

スキルカード獲得時、ボーカル上昇+2

イベントによるパラメータ上昇+100%"
全力、その後,free,Vo,10,none,,,10,,Pポイント+10,,33,,,初期Pポイント+20,Voレス終了時Vo+3,休む選択時Vo+11,,,,3,,,,,,,,,,,,11,,,,,,,,,,,,,,,,,,,,,,,,,,,,,,,,,,,,,,,"初期ボーカル上昇+23

初期Pポイント+20

レッスンサポート発生率+48.7%

ボーカルレッスン終了時、ボーカル上昇+1

休む選択時、ボーカル上昇+6","初期ボーカル上昇+26

初期Pポイント+20

レッスンサポート発生率+61.5%

ボーカルレッスン終了時、ボーカル上昇+1

休む選択時、ボーカル上昇+6

イベントによるパラメータ上昇+50%","初期ボーカル上昇+28

初期Pポイント+20

レッスンサポート発生率+74.4%

ボーカルレッスン終了時、ボーカル上昇+1

休む選択時、ボーカル上昇+11

イベントによるパラメータ上昇+50%","初期ボーカル上昇+31

初期Pポイント+20

レッスンサポート発生率+87.2%

ボーカルレッスン終了時、ボーカル上昇+1

休む選択時、ボーカル上昇+11

イベントによるパラメータ上昇+75%","初期ボーカル上昇+33

初期Pポイント+20

レッスンサポート発生率+100%

ボーカルレッスン終了時、ボーカル上昇+3

休む選択時、ボーカル上昇+11

イベントによるパラメータ上昇+100%"
枝毛をくるり,free,Da,31,none,,,10,,Pポイント+10,,33,,,初期Pポイント+20,Daレス終了時Da+3,休む選択時Da+11,,,,,3,,,,,,,,,,,11,,,,,,,,,,,,,,,,,,,,,,,,,,,,,,,,,,,,,,,"初期ダンス上昇+23

初期Pポイント+20

レッスンサポート発生率+48.7%

ダンスレッスン終了時、ダンス上昇+1

休む選択時、ダンス上昇+6","初期ダンス上昇+26

初期Pポイント+20

レッスンサポート発生率+61.5%

ダンスレッスン終了時、ダンス上昇+1

休む選択時、ダンス上昇+6

イベントによるパラメータ上昇+50%","初期ダンス上昇+28

初期Pポイント+20

レッスンサポート発生率+74.4%

ダンスレッスン終了時、ダンス上昇+1

休む選択時、ダンス上昇+11

イベントによるパラメータ上昇+50%","初期ダンス上昇+31

初期Pポイント+20

レッスンサポート発生率+87.2%

ダンスレッスン終了時、ダンス上昇+1

休む選択時、ダンス上昇+11

イベントによるパラメータ上昇+75%","初期ダンス上昇+33

初期Pポイント+20

レッスンサポート発生率+100%

ダンスレッスン終了時、ダンス上昇+3

休む選択時、ダンス上昇+11

イベントによるパラメータ上昇+100%"
いつか、きっと花開く,free,Vi,30,item,誓いの花びら,ViSP終了時 Vi400以上の場合 ランダム強化,,,,--,49,,,レッスン終了時Pポイント+16.5％,スキル強化時Vi+3,休む選択時Vi+17,,,,,,,,,,,,,,,,17,,,,3,,,,,,,,,,,,,,,,,,,,,,,,,,,,,,,,,,,"初期ビジュアル上昇+37

レッスン終了時、Pポイント獲得量増加+8.3%

レッスンサポート発生率+59.2%

スキルカード強化時、ビジュアル上昇+2

休む選択時、ビジュアル上昇+9

イベントによるパラメータ上昇+50%","初期ビジュアル上昇+40

レッスン終了時、Pポイント獲得量増加+8.3%

レッスンサポート発生率+69.4%

スキルカード強化時、ビジュアル上昇+2

休む選択時、ビジュアル上昇+9

イベントによるパラメータ上昇+50%","初期ビジュアル上昇+43

レッスン終了時、Pポイント獲得量増加+16.5%

レッスンサポート発生率+79.6%

スキルカード強化時、ビジュアル上昇+2

休む選択時、ビジュアル上昇+9

イベントによるパラメータ上昇+75%","初期ビジュアル上昇+46

レッスン終了時、Pポイント獲得量増加+16.5%

レッスンサポート発生率+89.8%

スキルカード強化時、ビジュアル上昇+2

休む選択時、ビジュアル上昇+17

イベントによるパラメータ上昇+75%","初期ビジュアル上昇+49

レッスン終了時、Pポイント獲得量増加+16.5%

レッスンサポート発生率+100.0%

スキルカード強化時、ビジュアル上昇+3

休む選択時、ビジュアル上昇+17

イベントによるパラメータ上昇+100%"
念入りにストレッチ,free,Vi,3,none,,,,,Pポイント+10,,33,,,初期Pポイント+20,Viレス終了時Vi+3,休む選択時Vi+11,,,,,,3,,,,,,,,,,11,,,,,,,,,,,,,,,,,,,,,,,,,,,,,,,,,,,,,,,"初期ビジュアル上昇+23

初期Pポイント+20

レッスンサポート発生率+48.7%

ビジュアルレッスン終了時、ビジュアル上昇+1

休む選択時、ビジュアル上昇+6","初期ビジュアル上昇+26

初期Pポイント+20

レッスンサポート発生率+61.5%

ビジュアルレッスン終了時、ビジュアル上昇+1

休む選択時、ビジュアル上昇+6

イベントによるパラメータ上昇+50%","初期ビジュアル上昇+28

初期Pポイント+20

レッスンサポート発生率+74.4%

ビジュアルレッスン終了時、ビジュアル上昇+1

休む選択時、ビジュアル上昇+11

イベントによるパラメータ上昇+50%","初期ビジュアル上昇+31

初期Pポイント+20

レッスンサポート発生率+87.2%

ビジュアルレッスン終了時、ビジュアル上昇+1

休む選択時、ビジュアル上昇+11

イベントによるパラメータ上昇+75%","初期ビジュアル上昇+33

初期Pポイント+20

レッスンサポート発生率+100%

ビジュアルレッスン終了時、ビジュアル上昇+3

休む選択時、ビジュアル上昇+11

イベントによるパラメータ上昇+100%"
きみは、自慢の生徒です,free,As,,none,,,,,,カードを選択して強化,,,最大体力+9,すべてのSP率+14％,SP終了時体力回復4,試験・オデ終了時体力回復8（1回のみ）,,,,,,,,,,,,,,,,,,,,,,,,,,,,,,,,,,,,,,,,,,,,,,,,,,,,,,,"最大体力上昇+6

ボーカル・ダンス・ビジュアルすべてのSPレッスン発生率+10.5%

レッスンサポート発生率+66.1%

SPレッスン終了時、体力回復+3

試験・オーディション終了時、体力回復+6(プロデュース中1回)

イベントによる体力回復量+50%","最大体力上昇+7

ボーカル・ダンス・ビジュアルすべてのSPレッスン発生率+10.5%

レッスンサポート発生率+74.6%

SPレッスン終了時、体力回復+3

試験・オーディション終了時、体力回復+6(プロデュース中1回)

イベントによる体力回復量+75%","最大体力上昇+8

ボーカル・ダンス・ビジュアルすべてのSPレッスン発生率+14%

レッスンサポート発生率+83.1%

SPレッスン終了時、体力回復+3

試験・オーディション終了時、体力回復+6(プロデュース中1回)

イベントによる体力回復量+75%","最大体力上昇+9

ボーカル・ダンス・ビジュアルすべてのSPレッスン発生率+14%

レッスンサポート発生率+91.5%

SPレッスン終了時、体力回復+4

試験・オーディション終了時、体力回復+6(プロデュース中1回)

イベントによる体力回復量+75%","最大体力上昇+9

ボーカル・ダンス・ビジュアルすべてのSPレッスン発生率+14%

レッスンサポート発生率+100.0%

SPレッスン終了時、体力回復+4

試験・オーディション終了時、体力回復+8(プロデュース中1回)

イベントによる体力回復量+100%"
食欲の秋なんです,free,As,,none,,,,,,カードを選択して削除,,,最大体力+9,すべてのSP率+14％,レッスン終了時Pポイント+22％,初期Pポイント+40,,,,,,,,,,,,,,,,,,,,,,,,,,,,,,,,,,,,,,,,,,,,,,,,,,,,,,,"最大体力上昇+9

ボーカル・ダンス・ビジュアルすべてのSPレッスン発生率+10.5%

レッスンサポート発生率+66.1%

レッスン終了時、Pポイント獲得量増加+16.5%

初期Pポイント+30

イベントによる体力回復量+50%","最大体力上昇+9

ボーカル・ダンス・ビジュアルすべてのSPレッスン発生率+10.5%

レッスンサポート発生率+74.6%

レッスン終了時、Pポイント獲得量増加+16.5%

初期Pポイント+30

イベントによる体力回復量+75%","最大体力上昇+9

ボーカル・ダンス・ビジュアルすべてのSPレッスン発生率+14%

レッスンサポート発生率+83.1%

レッスン終了時、Pポイント獲得量増加+16.5%

初期Pポイント+30

イベントによる体力回復量+75%","最大体力上昇+9

ボーカル・ダンス・ビジュアルすべてのSPレッスン発生率+14%

レッスンサポート発生率+91.5%

レッスン終了時、Pポイント獲得量増加+22%

初期Pポイント+30

イベントによる体力回復量+75%","最大体力上昇+9

ボーカル・ダンス・ビジュアルすべてのSPレッスン発生率+14%

レッスンサポート発生率+100.0%

レッスン終了時、Pポイント獲得量増加+22%

初期Pポイント+40

イベントによる体力回復量+100%"
はじめてのお友達,free,As,,skill_card,全力サポート,体力-2 カード使用数+1 次ターン、カードを引く,,,Pポイント+25,--,,,初期Pポイント+86,すべてのSP率+10.5％,相談Pドリンク15.8％割引,レッスン終了時Pポイント+16.5％,,,,,,,,,,,,,,,,,,,,,,,,,,,,,,,,,,,,,,,,,,,,,,,,,,,,,,,"初期Pポイント+71

ボーカル・ダンス・ビジュアルすべてのSPレッスン発生率+10.5%

レッスンサポート発生率+59.2%

相談のPドリンク割引7.9%

レッスン終了時、Pポイント獲得量増加+8.3%

イベントによる獲得Pポイント+50%","初期Pポイント+76

ボーカル・ダンス・ビジュアルすべてのSPレッスン発生率+10.5%

レッスンサポート発生率+69.4%

相談のPドリンク割引7.9%

レッスン終了時、Pポイント獲得量増加+8.3%

イベントによる獲得Pポイント+50%","初期Pポイント+81

ボーカル・ダンス・ビジュアルすべてのSPレッスン発生率+10.5%

レッスンサポート発生率+79.6%

相談のPドリンク割引7.9%

レッスン終了時、Pポイント獲得量増加+8.3%

イベントによる獲得Pポイント+75%","初期Pポイント+86

ボーカル・ダンス・ビジュアルすべてのSPレッスン発生率+10.5%

レッスンサポート発生率+89.8%

相談のPドリンク割引7.9%

レッスン終了時、Pポイント獲得量増加+16.5%

イベントによる獲得Pポイント+75%","初期Pポイント+86

ボーカル・ダンス・ビジュアルすべてのSPレッスン発生率+10.5%

レッスンサポート発生率+100.0%

相談のPドリンク割引15.8%

レッスン終了時、Pポイント獲得量増加+16.5%

イベントによる獲得Pポイント+100%"
